question_set,question,choice,"Milk type","Date label type","Additional information label","Date on label","Price"
1,1,1,2,2,2,1,3
1,1,2,1,1,2,4,5
1,1,3,2,2,1,3,4
1,2,1,2,2,1,1,3
1,2,2,2,2,1,2,6
1,2,3,2,1,2,4,1
1,3,1,2,1,1,2,5
1,3,2,1,1,2,2,6
1,3,3,1,1,1,3,2
1,4,1,2,2,2,4,1
1,4,2,1,2,2,3,4
1,4,3,1,2,1,3,4
2,1,1,2,2,1,1,1
2,1,2,1,2,2,2,1
2,1,3,2,2,1,1,4
2,2,1,1,1,2,3,6
2,2,2,2,2,1,4,6
2,2,3,1,2,1,3,5
2,3,1,2,1,1,2,5
2,3,2,1,1,2,4,2
2,3,3,1,1,2,3,3
2,4,1,2,1,1,4,3
2,4,2,1,1,2,2,2
2,4,3,2,2,2,1,4
3,1,1,1,1,2,3,1
3,1,2,1,1,1,2,5
3,1,3,1,2,1,3,1
3,2,1,1,1,1,2,6
3,2,2,2,1,2,2,3
3,2,3,2,2,1,1,2
3,3,1,1,2,2,1,4
3,3,2,1,2,2,4,5
3,3,3,2,1,2,4,6
3,4,1,2,1,2,3,2
3,4,2,2,2,1,1,3
3,4,3,2,2,1,4,4
4,1,1,2,2,1,1,2
4,1,2,2,2,2,2,6
4,1,3,2,1,1,3,3
4,2,1,2,2,1,2,1
4,2,2,2,2,2,4,4
4,2,3,2,2,1,3,1
4,3,1,1,1,2,3,6
4,3,2,1,1,2,4,4
4,3,3,1,1,2,2,6
4,4,1,1,2,2,4,5
4,4,2,1,2,1,2,2
4,4,3,2,2,2,1,1
5,1,1,2,2,2,2,3
5,1,2,2,1,1,2,2
5,1,3,1,1,1,2,6
5,2,1,1,2,2,1,6
5,2,2,1,2,2,2,5
5,2,3,2,2,1,3,4
5,3,1,2,1,1,3,1
5,3,2,2,1,1,4,5
5,3,3,1,1,1,3,5
5,4,1,2,2,1,4,2
5,4,2,1,2,2,3,6
5,4,3,1,1,1,4,3
6,1,1,1,1,2,4,6
6,1,2,2,2,1,2,3
6,1,3,2,2,2,3,4
6,2,1,1,2,1,4,5
6,2,2,1,1,1,4,2
6,2,3,1,1,2,3,4
6,3,1,1,2,2,3,2
6,3,2,2,1,2,2,6
6,3,3,1,2,1,3,1
6,4,1,2,1,2,2,1
6,4,2,2,2,1,1,3
6,4,3,2,2,1,4,2
7,1,1,2,1,1,3,1
7,1,2,2,1,2,2,2
7,1,3,1,2,1,3,1
7,2,1,2,1,2,4,5
7,2,2,1,2,2,1,5
7,2,3,2,1,1,3,6
7,3,1,1,1,1,2,3
7,3,2,2,2,1,2,3
7,3,3,2,2,2,4,4
7,4,1,2,2,2,3,2
7,4,2,1,1,1,4,4
7,4,3,1,2,2,2,2
8,1,1,2,2,1,1,6
8,1,2,1,2,2,2,3
8,1,3,2,1,2,3,3
8,2,1,2,2,2,1,3
8,2,2,2,1,2,3,1
8,2,3,2,2,1,3,4
8,3,1,1,2,1,2,5
8,3,2,1,1,1,2,6
8,3,3,1,1,1,4,4
8,4,1,2,2,1,4,5
8,4,2,1,1,2,4,1
8,4,3,2,2,2,3,2
9,1,1,2,1,2,4,1
9,1,2,2,2,1,2,1
9,1,3,1,2,2,1,3
9,2,1,2,1,1,4,5
9,2,2,1,2,1,2,6
9,2,3,1,1,2,4,3
9,3,1,1,2,1,1,5
9,3,2,2,2,2,3,2
9,3,3,1,1,1,3,4
9,4,1,2,2,2,4,3
9,4,2,2,2,1,2,1
9,4,3,1,1,2,3,4
10,1,1,2,2,1,1,4
10,1,2,1,2,1,3,5
10,1,3,1,1,1,4,2
10,2,1,2,2,1,4,3
10,2,2,2,2,2,3,1
10,2,3,2,2,1,1,3
10,3,1,1,1,2,2,4
10,3,2,2,1,2,3,6
10,3,3,2,2,2,1,1
10,4,1,1,2,2,4,5
10,4,2,1,1,1,2,4
10,4,3,2,1,2,2,6
11,1,1,2,1,1,4,5
11,1,2,2,1,1,3,3
11,1,3,1,1,1,4,4
11,2,1,2,2,1,2,3
11,2,2,1,1,1,2,4
11,2,3,1,1,2,3,1
11,3,1,2,1,2,3,6
11,3,2,1,2,2,3,5
11,3,3,2,2,2,1,2
11,4,1,2,2,1,2,6
11,4,2,1,2,2,4,1
11,4,3,1,2,2,2,2
12,1,1,1,2,2,4,2
12,1,2,1,2,1,3,6
12,1,3,2,2,2,3,6
12,2,1,1,1,2,2,5
12,2,2,2,2,1,3,3
12,2,3,1,1,2,4,3
12,3,1,2,2,1,1,1
12,3,2,2,2,2,2,5
12,3,3,2,1,1,2,1
12,4,1,1,1,1,2,4
12,4,2,1,1,2,4,4
12,4,3,2,2,1,1,2
13,1,1,2,2,1,1,3
13,1,2,2,2,2,4,1
13,1,3,1,2,2,1,6
13,2,1,1,2,1,2,3
13,2,2,1,2,1,3,2
13,2,3,2,1,2,4,5
13,3,1,2,1,2,3,6
13,3,2,1,2,1,2,4
13,3,3,1,1,1,3,4
13,4,1,1,2,2,2,2
13,4,2,2,1,2,3,1
13,4,3,2,1,1,4,5
14,1,1,2,2,1,1,2
14,1,2,1,2,2,4,6
14,1,3,2,1,1,2,1
14,2,1,1,1,2,2,4
14,2,2,1,2,1,3,5
14,2,3,2,1,1,4,5
14,3,1,1,2,2,1,6
14,3,2,2,1,1,4,4
14,3,3,1,1,2,4,3
14,4,1,2,2,1,2,2
14,4,2,1,2,2,3,3
14,4,3,2,2,2,3,1
15,1,1,1,2,2,4,1
15,1,2,2,2,2,1,5
15,1,3,2,1,1,2,6
15,2,1,2,2,2,2,5
15,2,2,1,2,2,3,6
15,2,3,1,1,1,3,3
15,3,1,2,1,1,2,3
15,3,2,2,2,2,3,4
15,3,3,1,2,1,1,1
15,4,1,1,1,1,4,2
15,4,2,2,2,1,2,4
15,4,3,1,1,2,4,2
16,1,1,1,2,2,1,4
16,1,2,2,2,1,1,4
16,1,3,2,2,1,4,2
16,2,1,1,2,1,4,1
16,2,2,2,1,2,2,3
16,2,3,1,1,1,3,5
16,3,1,1,2,1,3,3
16,3,2,2,2,2,3,5
16,3,3,1,2,2,2,2
16,4,1,2,1,2,4,1
16,4,2,1,1,1,2,6
16,4,3,2,1,2,4,6
17,1,1,2,1,2,4,1
17,1,2,2,1,2,2,4
17,1,3,2,2,2,2,6
17,2,1,1,2,1,1,5
17,2,2,1,1,2,4,2
17,2,3,1,2,2,2,6
17,3,1,2,1,2,3,3
17,3,2,1,2,1,2,1
17,3,3,1,2,1,4,5
17,4,1,1,1,1,3,3
17,4,2,2,2,1,4,4
17,4,3,2,1,1,3,2
18,1,1,1,1,2,2,5
18,1,2,1,1,1,4,4
18,1,3,1,2,2,3,1
18,2,1,2,2,2,1,3
18,2,2,2,2,1,3,1
18,2,3,2,2,1,2,3
18,3,1,2,2,2,4,6
18,3,2,2,1,1,2,2
18,3,3,1,1,2,4,2
18,4,1,2,2,1,3,6
18,4,2,1,2,2,1,4
18,4,3,1,1,1,4,5
19,1,1,1,2,1,3,4
19,1,2,1,1,1,4,3
19,1,3,2,2,2,1,5
19,2,1,2,2,2,2,1
19,2,2,1,2,1,3,2
19,2,3,2,2,2,4,4
19,3,1,2,1,2,3,3
19,3,2,2,1,2,2,6
19,3,3,1,2,1,1,1
19,4,1,1,2,2,2,6
19,4,2,1,1,1,4,5
19,4,3,2,1,1,3,2
20,1,1,2,1,1,3,6
20,1,2,1,2,1,4,2
20,1,3,2,2,2,2,3
20,2,1,1,2,2,3,2
20,2,2,1,2,1,1,3
20,2,3,2,1,1,2,5
20,3,1,1,2,2,1,4
20,3,2,2,1,1,4,6
20,3,3,2,2,2,2,5
20,4,1,1,1,2,3,4
20,4,2,2,1,1,2,1
20,4,3,1,2,2,4,1
21,1,1,1,1,1,4,4
21,1,2,1,1,1,3,2
21,1,3,2,2,2,4,6
21,2,1,1,1,2,4,2
21,2,2,2,2,2,1,1
21,2,3,2,2,1,1,1
21,3,1,1,1,2,3,6
21,3,2,2,2,1,2,3
21,3,3,1,2,2,4,3
21,4,1,1,2,1,2,5
21,4,2,2,2,1,3,5
21,4,3,2,1,2,2,4
22,1,1,1,2,2,1,2
22,1,2,2,1,1,3,3
22,1,3,2,1,2,4,1
22,2,1,2,2,2,4,1
22,2,2,1,2,1,4,2
22,2,3,1,1,1,2,5
22,3,1,1,1,1,4,4
22,3,2,2,2,1,2,6
22,3,3,1,2,2,1,4
22,4,1,1,2,1,3,5
22,4,2,2,1,2,2,3
22,4,3,2,2,2,3,6
23,1,1,2,1,1,4,1
23,1,2,1,2,2,1,2
23,1,3,1,2,1,4,4
23,2,1,2,1,2,3,2
23,2,2,2,2,2,3,1
23,2,3,1,2,1,3,4
23,3,1,2,1,2,2,6
23,3,2,1,2,1,2,5
23,3,3,1,1,1,2,3
23,4,1,1,1,2,3,6
23,4,2,2,2,2,4,5
23,4,3,2,2,1,2,3
24,1,1,1,2,1,4,3
24,1,2,1,2,1,2,5
24,1,3,2,2,1,1,5
24,2,1,1,1,2,2,2
24,2,2,2,1,1,2,2
24,2,3,2,2,2,3,4
24,3,1,1,1,1,4,6
24,3,2,1,1,2,2,6
24,3,3,2,2,2,3,3
24,4,1,1,2,1,1,1
24,4,2,2,2,2,4,4
24,4,3,2,1,2,3,1
25,1,1,1,1,2,2,6
25,1,2,1,2,1,3,5
25,1,3,1,2,1,1,5
25,2,1,2,2,1,3,6
25,2,2,2,2,2,4,2
25,2,3,2,1,2,2,1
25,3,1,1,1,1,3,4
25,3,2,2,1,2,4,3
25,3,3,1,2,2,2,1
25,4,1,2,1,2,4,4
25,4,2,1,2,1,2,3
25,4,3,2,2,1,1,2
26,1,1,1,1,1,4,5
26,1,2,2,2,2,4,6
26,1,3,2,2,1,2,2
26,2,1,2,2,2,1,1
26,2,2,1,2,1,3,5
26,2,3,2,1,2,4,3
26,3,1,2,1,1,3,1
26,3,2,1,1,2,3,4
26,3,3,1,2,2,1,3
26,4,1,2,2,1,2,6
26,4,2,1,1,2,2,2
26,4,3,1,2,1,4,4
27,1,1,2,2,2,2,3
27,1,2,1,1,1,4,2
27,1,3,1,1,1,3,2
27,2,1,2,1,1,3,1
27,2,2,2,2,2,4,1
27,2,3,2,2,1,2,5
27,3,1,1,2,2,2,6
27,3,2,2,2,2,3,4
27,3,3,1,1,1,4,4
27,4,1,1,2,2,1,5
27,4,2,1,1,2,4,6
27,4,3,2,2,1,1,3
28,1,1,2,1,2,4,6
28,1,2,2,1,2,2,1
28,1,3,1,1,1,3,5
28,2,1,1,1,1,3,3
28,2,2,1,2,2,1,2
28,2,3,1,2,2,4,4
28,3,1,2,2,1,3,6
28,3,2,1,2,1,4,2
28,3,3,2,1,1,2,4
28,4,1,1,2,2,4,5
28,4,2,2,2,2,2,1
28,4,3,2,2,1,1,3
29,1,1,2,2,1,2,5
29,1,2,1,1,2,2,3
29,1,3,2,2,2,3,6
29,2,1,1,1,2,4,4
29,2,2,1,2,1,4,1
29,2,3,2,1,2,2,4
29,3,1,1,1,1,2,1
29,3,2,2,1,1,4,2
29,3,3,1,1,1,4,6
29,4,1,2,2,2,3,2
29,4,2,2,2,2,3,3
29,4,3,1,2,1,1,5
30,1,1,2,2,2,1,4
30,1,2,1,2,1,3,5
30,1,3,2,1,1,2,1
30,2,1,1,2,2,4,5
30,2,2,2,2,1,4,2
30,2,3,2,1,2,3,3
30,3,1,1,2,2,3,6
30,3,2,1,2,1,3,2
30,3,3,1,1,2,4,6
30,4,1,2,1,2,4,3
30,4,2,1,1,1,2,4
30,4,3,2,1,1,2,1
31,1,1,1,2,2,1,6
31,1,2,2,2,1,2,2
31,1,3,1,2,1,3,1
31,2,1,2,2,2,1,2
31,2,2,2,2,1,4,5
31,2,3,1,2,2,2,1
31,3,1,1,1,1,4,5
31,3,2,1,1,2,2,4
31,3,3,1,1,1,3,6
31,4,1,2,1,2,4,4
31,4,2,2,1,1,3,3
31,4,3,2,2,2,3,3
32,1,1,1,2,1,4,2
32,1,2,2,1,1,3,1
32,1,3,1,2,1,2,6
32,2,1,2,2,2,4,3
32,2,2,2,2,1,2,4
32,2,3,2,1,2,4,1
32,3,1,1,2,2,1,3
32,3,2,2,2,2,3,2
32,3,3,2,1,2,4,4
32,4,1,1,1,1,2,6
32,4,2,1,2,1,3,5
32,4,3,1,1,2,3,5
33,1,1,2,2,2,4,6
33,1,2,1,1,2,4,2
33,1,3,1,1,1,3,3
33,2,1,2,2,2,1,5
33,2,2,2,1,2,2,1
33,2,3,1,2,1,3,3
33,3,1,1,2,2,3,5
33,3,2,1,1,2,3,4
33,3,3,2,2,1,4,1
33,4,1,2,1,1,4,4
33,4,2,1,2,1,2,6
33,4,3,2,2,1,2,2
34,1,1,2,1,1,4,4
34,1,2,1,1,1,4,2
34,1,3,2,2,2,3,1
34,2,1,1,1,1,2,1
34,2,2,2,2,2,3,6
34,2,3,2,2,2,4,2
34,3,1,1,2,1,2,3
34,3,2,1,2,1,1,6
34,3,3,2,2,2,2,4
34,4,1,1,1,2,4,5
34,4,2,1,2,1,1,5
34,4,3,2,1,2,3,3
35,1,1,2,1,1,2,6
35,1,2,2,2,2,1,4
35,1,3,1,2,2,1,6
35,2,1,2,1,1,3,5
35,2,2,1,2,1,3,2
35,2,3,2,2,2,3,2
35,3,1,2,2,1,2,1
35,3,2,1,1,1,2,5
35,3,3,1,1,2,2,3
35,4,1,1,1,1,4,4
35,4,2,1,2,2,4,1
35,4,3,2,2,2,4,3
36,1,1,2,2,2,4,4
36,1,2,1,2,2,2,6
36,1,3,1,2,2,1,5
36,2,1,1,1,1,2,3
36,2,2,1,2,1,4,2
36,2,3,2,1,1,3,2
36,3,1,1,2,1,1,3
36,3,2,2,1,2,3,1
36,3,3,2,2,1,2,4
36,4,1,2,2,1,2,6
36,4,2,1,1,2,3,5
36,4,3,2,1,2,4,1
37,1,1,1,2,1,4,4
37,1,2,2,2,2,2,3
37,1,3,1,1,2,2,6
37,2,1,1,2,1,4,6
37,2,2,2,1,2,3,5
37,2,3,2,1,1,3,5
37,3,1,2,1,2,4,2
37,3,2,1,1,1,3,3
37,3,3,2,2,2,2,2
37,4,1,1,2,2,1,1
37,4,2,1,2,1,3,4
37,4,3,2,2,1,1,1
38,1,1,1,1,2,3,6
38,1,2,2,1,1,2,3
38,1,3,1,2,1,2,3
38,2,1,2,2,1,4,5
38,2,2,2,2,2,2,4
38,2,3,1,1,2,4,6
38,3,1,2,1,1,4,4
38,3,2,2,2,1,1,1
38,3,3,1,2,2,3,2
38,4,1,1,1,2,4,1
38,4,2,1,1,2,3,5
38,4,3,2,2,1,2,2
39,1,1,1,2,2,3,4
39,1,2,1,1,2,2,4
39,1,3,1,2,2,3,2
39,2,1,2,1,2,3,6
39,2,2,2,2,1,4,3
39,2,3,1,2,2,2,1
39,3,1,2,1,2,2,5
39,3,2,2,2,1,3,3
39,3,3,2,1,1,4,5
39,4,1,2,1,1,4,1
39,4,2,1,2,1,1,6
39,4,3,1,2,1,1,2
40,1,1,2,1,1,2,2
40,1,2,1,2,2,2,4
40,1,3,2,1,1,2,6
40,2,1,1,2,1,3,3
40,2,2,2,2,1,4,3
40,2,3,1,2,1,1,4
40,3,1,2,1,2,3,5
40,3,2,1,2,2,4,2
40,3,3,1,2,2,3,1
40,4,1,1,1,2,4,6
40,4,2,2,1,1,4,1
40,4,3,2,1,2,3,5
41,1,1,1,2,2,1,5
41,1,2,1,1,2,2,2
41,1,3,2,2,2,1,6
41,2,1,1,1,1,3,5
41,2,2,2,2,1,2,2
41,2,3,2,1,1,3,1
41,3,1,1,2,2,4,4
41,3,2,2,2,2,4,3
41,3,3,1,1,2,2,4
41,4,1,2,1,1,3,3
41,4,2,1,2,1,3,1
41,4,3,2,2,1,4,6
42,1,1,2,2,2,1,4
42,1,2,1,1,2,3,3
42,1,3,2,1,1,4,1
42,2,1,2,2,2,3,1
42,2,2,1,1,1,4,4
42,2,3,1,2,2,4,2
42,3,1,1,1,1,2,2
42,3,2,2,2,2,1,6
42,3,3,1,1,2,2,5
42,4,1,1,2,1,3,3
42,4,2,2,2,1,2,5
42,4,3,2,2,1,2,6
43,1,1,2,1,2,3,6
43,1,2,2,1,1,2,5
43,1,3,1,2,2,4,1
43,2,1,2,1,2,2,1
43,2,2,1,1,1,3,4
43,2,3,2,1,2,4,2
43,3,1,2,2,1,3,2
43,3,2,2,2,1,4,4
43,3,3,1,2,1,2,6
43,4,1,1,2,1,1,3
43,4,2,1,2,2,3,5
43,4,3,1,2,2,1,3
44,1,1,1,1,2,2,4
44,1,2,2,2,2,1,1
44,1,3,2,1,1,4,5
44,2,1,1,1,1,2,2
44,2,2,1,2,1,4,6
44,2,3,1,2,1,4,5
44,3,1,2,2,2,2,3
44,3,2,2,2,2,3,2
44,3,3,2,2,1,3,3
44,4,1,1,1,1,3,6
44,4,2,1,2,2,1,1
44,4,3,2,1,2,4,4
45,1,1,1,2,2,3,4
45,1,2,1,2,2,2,2
45,1,3,2,1,1,4,1
45,2,1,2,1,1,4,3
45,2,2,1,2,2,2,5
45,2,3,1,1,1,4,2
45,3,1,2,2,1,1,1
45,3,2,1,2,2,3,4
45,3,3,2,1,1,2,6
45,4,1,2,2,1,4,5
45,4,2,1,1,2,3,6
45,4,3,2,2,2,1,3
46,1,1,1,1,1,2,1
46,1,2,2,1,2,3,5
46,1,3,2,2,1,4,4
46,2,1,2,2,2,3,5
46,2,2,1,1,2,3,6
46,2,3,1,1,2,2,6
46,3,1,1,2,2,4,4
46,3,2,2,2,2,4,1
46,3,3,1,1,1,4,2
46,4,1,1,2,1,2,3
46,4,2,2,2,1,3,2
46,4,3,2,2,1,1,3
47,1,1,2,2,2,2,1
47,1,2,2,1,1,2,5
47,1,3,1,1,2,3,5
47,2,1,1,2,2,4,4
47,2,2,1,2,2,4,3
47,2,3,2,2,1,4,6
47,3,1,2,1,1,2,3
47,3,2,2,1,2,2,4
47,3,3,1,1,1,3,2
47,4,1,2,2,1,3,1
47,4,2,1,2,1,1,6
47,4,3,1,2,2,3,2
48,1,1,1,1,2,2,4
48,1,2,2,2,2,3,6
48,1,3,2,2,1,1,5
48,2,1,1,2,2,1,2
48,2,2,1,2,1,2,4
48,2,3,2,1,1,2,2
48,3,1,1,1,2,4,1
48,3,2,2,1,2,3,3
48,3,3,2,1,1,4,3
48,4,1,1,2,1,4,1
48,4,2,1,2,2,3,5
48,4,3,2,2,1,2,6
49,1,1,2,2,1,4,1
49,1,2,2,1,2,3,2
49,1,3,1,2,2,1,6
49,2,1,1,2,2,1,1
49,2,2,1,1,2,4,5
49,2,3,1,1,1,2,2
49,3,1,1,2,1,2,6
49,3,2,2,2,2,2,5
49,3,3,2,1,1,3,4
49,4,1,1,2,2,3,3
49,4,2,2,2,1,4,4
49,4,3,2,1,1,2,3
50,1,1,1,2,2,2,4
50,1,2,1,2,2,1,5
50,1,3,1,2,2,1,2
50,2,1,1,1,2,4,3
50,2,2,1,2,2,4,1
50,2,3,2,2,1,3,3
50,3,1,2,1,1,2,6
50,3,2,2,2,2,3,6
50,3,3,2,1,1,3,2
50,4,1,1,1,1,4,1
50,4,2,2,1,1,2,4
50,4,3,2,2,1,3,5
51,1,1,1,2,2,4,5
51,1,2,2,1,2,4,4
51,1,3,1,1,1,2,3
51,2,1,1,1,2,3,1
51,2,2,2,2,1,4,2
51,2,3,2,1,1,2,3
51,3,1,1,2,1,1,2
51,3,2,1,2,2,2,4
51,3,3,2,1,2,3,6
51,4,1,1,2,1,2,1
51,4,2,2,2,2,3,6
51,4,3,2,2,1,4,5
52,1,1,1,1,2,3,6
52,1,2,2,2,1,4,4
52,1,3,2,2,1,2,2
52,2,1,1,2,2,1,6
52,2,2,1,2,2,4,5
52,2,3,1,2,1,3,3
52,3,1,2,2,1,4,1
52,3,2,2,1,2,2,2
52,3,3,2,1,2,4,5
52,4,1,1,1,1,2,3
52,4,2,2,1,2,3,1
52,4,3,1,2,1,1,4
53,1,1,1,2,1,2,6
53,1,2,1,2,1,3,6
53,1,3,2,2,1,1,4
53,2,1,2,1,1,4,1
53,2,2,2,2,2,4,1
53,2,3,2,1,2,2,2
53,3,1,1,2,1,1,2
53,3,2,2,1,2,3,3
53,3,3,2,1,2,2,5
53,4,1,1,1,1,2,4
53,4,2,1,2,2,3,5
53,4,3,1,2,2,4,3
54,1,1,2,2,1,1,2
54,1,2,2,1,2,2,5
54,1,3,1,1,2,3,5
54,2,1,2,1,1,3,6
54,2,2,1,2,1,1,1
54,2,3,2,1,2,2,4
54,3,1,1,2,1,4,3
54,3,2,1,2,1,3,1
54,3,3,1,2,2,2,3
54,4,1,1,2,1,4,4
54,4,2,2,2,2,2,6
54,4,3,2,1,2,4,2
55,1,1,1,2,1,4,5
55,1,2,2,1,2,3,5
55,1,3,1,2,2,3,6
55,2,1,2,1,2,3,1
55,2,2,1,1,2,2,3
55,2,3,2,1,1,2,2
55,3,1,1,2,1,1,4
55,3,2,2,2,2,3,6
55,3,3,1,2,1,2,1
55,4,1,1,1,1,4,2
55,4,2,2,2,1,4,3
55,4,3,2,2,2,1,4
56,1,1,1,1,1,4,2
56,1,2,2,2,2,2,6
56,1,3,2,2,2,2,5
56,2,1,1,1,2,3,1
56,2,2,1,2,2,2,3
56,2,3,1,2,1,4,4
56,3,1,2,2,2,1,3
56,3,2,2,2,2,1,1
56,3,3,2,2,1,3,5
56,4,1,1,1,1,3,4
56,4,2,2,1,1,4,6
56,4,3,1,1,1,4,2
57,1,1,2,2,2,1,4
57,1,2,1,1,1,3,6
57,1,3,2,1,2,3,4
57,2,1,1,2,2,2,1
57,2,2,2,2,1,4,2
57,2,3,2,2,1,3,1
57,3,1,1,2,1,1,3
57,3,2,2,1,2,2,5
57,3,3,2,2,2,4,3
57,4,1,1,1,2,4,6
57,4,2,1,2,1,2,5
57,4,3,1,1,1,3,2
58,1,1,2,2,2,1,4
58,1,2,1,2,1,4,3
58,1,3,2,1,2,2,6
58,2,1,1,2,2,1,3
58,2,2,2,2,1,2,5
58,2,3,1,1,1,4,5
58,3,1,1,1,1,3,1
58,3,2,2,2,2,4,2
58,3,3,2,1,1,2,1
58,4,1,1,2,2,3,2
58,4,2,1,2,1,4,4
58,4,3,2,1,2,3,6
59,1,1,1,2,1,4,6
59,1,2,1,1,2,4,1
59,1,3,1,2,2,1,5
59,2,1,2,1,1,4,3
59,2,2,1,1,2,2,4
59,2,3,2,2,2,1,3
59,3,1,2,2,2,3,2
59,3,2,2,2,1,2,4
59,3,3,2,2,2,2,1
59,4,1,1,1,1,3,5
59,4,2,1,1,1,4,6
59,4,3,2,2,1,3,2
60,1,1,2,1,2,2,4
60,1,2,2,1,1,4,2
60,1,3,2,1,1,2,5
60,2,1,2,1,2,2,2
60,2,2,1,2,2,4,1
60,2,3,1,2,1,1,6
60,3,1,1,1,1,3,3
60,3,2,2,2,1,4,4
60,3,3,1,1,2,3,1
60,4,1,1,2,1,3,3
60,4,2,2,2,2,4,5
60,4,3,1,2,2,3,6
61,1,1,1,1,1,2,5
61,1,2,1,2,2,1,3
61,1,3,2,2,1,4,5
61,2,1,1,2,2,3,2
61,2,2,1,2,1,4,6
61,2,3,2,1,1,4,4
61,3,1,2,2,1,2,1
61,3,2,1,1,2,3,1
61,3,3,1,2,2,3,2
61,4,1,2,2,2,2,6
61,4,2,2,1,2,2,3
61,4,3,2,1,1,3,4
62,1,1,1,2,1,4,1
62,1,2,1,1,1,2,2
62,1,3,1,1,1,3,3
62,2,1,2,1,1,3,5
62,2,2,2,2,2,4,5
62,2,3,2,2,1,1,4
62,3,1,2,2,2,2,6
62,3,2,1,2,2,3,6
62,3,3,2,1,2,4,3
62,4,1,1,2,2,2,1
62,4,2,2,2,1,1,2
62,4,3,1,1,2,4,4
63,1,1,2,2,1,4,5
63,1,2,2,2,2,3,4
63,1,3,1,2,1,4,3
63,2,1,1,1,2,4,6
63,2,2,2,1,1,3,3
63,2,3,2,1,2,2,1
63,3,1,1,2,1,2,2
63,3,2,2,2,2,3,5
63,3,3,2,2,2,1,1
63,4,1,1,2,2,3,2
63,4,2,1,1,1,4,4
63,4,3,1,1,1,2,6
64,1,1,1,2,1,2,3
64,1,2,2,1,2,4,4
64,1,3,2,2,1,1,1
64,2,1,1,1,2,3,5
64,2,2,1,2,2,4,1
64,2,3,2,1,1,3,2
64,3,1,2,1,1,2,4
64,3,2,2,2,1,3,6
64,3,3,2,1,2,2,5
64,4,1,1,2,1,4,3
64,4,2,1,2,2,2,2
64,4,3,1,2,2,1,6
65,1,1,2,1,1,4,2
65,1,2,2,2,2,4,5
65,1,3,1,2,2,1,5
65,2,1,2,2,1,3,1
65,2,2,1,2,1,2,2
65,2,3,2,2,1,2,3
65,3,1,2,2,2,3,4
65,3,2,1,1,2,2,3
65,3,3,1,1,2,2,1
65,4,1,2,2,1,4,6
65,4,2,1,1,2,3,4
65,4,3,1,1,1,4,6
66,1,1,2,2,1,4,4
66,1,2,2,2,1,1,6
66,1,3,1,2,2,2,2
66,2,1,2,2,2,4,1
66,2,2,1,2,2,4,2
66,2,3,1,2,2,3,3
66,3,1,2,1,1,3,5
66,3,2,2,2,1,1,6
66,3,3,1,1,1,4,4
66,4,1,1,1,1,2,5
66,4,2,2,1,2,3,3
66,4,3,1,1,2,2,1
67,1,1,1,2,2,1,3
67,1,2,1,1,1,3,2
67,1,3,2,1,2,4,4
67,2,1,1,2,2,3,5
67,2,2,2,2,1,4,1
67,2,3,2,1,2,2,6
67,3,1,2,1,2,2,2
67,3,2,1,2,2,4,4
67,3,3,2,2,1,1,1
67,4,1,2,1,1,2,6
67,4,2,1,2,1,3,3
67,4,3,1,2,1,4,5
68,1,1,1,2,2,4,3
68,1,2,2,2,1,4,6
68,1,3,2,2,1,2,4
68,2,1,2,1,2,3,1
68,2,2,2,2,1,1,4
68,2,3,1,1,2,4,2
68,3,1,1,2,2,2,3
68,3,2,1,1,2,2,1
68,3,3,2,1,1,2,6
68,4,1,1,1,1,3,5
68,4,2,1,2,1,1,5
68,4,3,2,2,2,3,2
69,1,1,2,1,2,4,4
69,1,2,1,2,2,2,1
69,1,3,1,1,1,2,2
69,2,1,1,1,2,4,3
69,2,2,2,2,1,3,3
69,2,3,2,2,2,3,5
69,3,1,2,2,1,3,6
69,3,2,1,1,2,2,1
69,3,3,2,2,1,3,4
69,4,1,1,2,1,1,6
69,4,2,2,2,1,1,5
69,4,3,1,1,2,4,2
70,1,1,1,1,1,4,6
70,1,2,2,2,1,3,2
70,1,3,1,2,1,4,1
70,2,1,2,1,2,2,2
70,2,2,1,2,2,2,4
70,2,3,1,2,1,1,3
70,3,1,2,1,1,2,5
70,3,2,1,2,1,4,5
70,3,3,2,1,2,3,4
70,4,1,1,1,2,3,6
70,4,2,2,2,2,2,1
70,4,3,2,2,2,1,3
71,1,1,2,2,1,2,5
71,1,2,1,1,1,3,3
71,1,3,2,2,2,1,5
71,2,1,1,1,2,2,4
71,2,2,1,2,2,3,3
71,2,3,1,1,1,2,2
71,3,1,2,1,2,3,6
71,3,2,1,2,1,2,4
71,3,3,2,2,2,4,1
71,4,1,1,1,1,4,2
71,4,2,2,2,1,1,6
71,4,3,2,2,2,4,1
72,1,1,1,1,2,3,2
72,1,2,2,1,1,2,1
72,1,3,1,1,1,2,4
72,2,1,2,2,1,4,5
72,2,2,1,2,2,4,3
72,2,3,1,1,2,3,6
72,3,1,2,2,2,4,3
72,3,2,1,2,1,1,2
72,3,3,2,2,1,1,5
72,4,1,1,1,2,3,4
72,4,2,2,2,2,2,6
72,4,3,2,2,1,3,1
73,1,1,1,2,2,3,1
73,1,2,2,1,2,3,5
73,1,3,1,2,2,4,2
73,2,1,1,1,1,2,6
73,2,2,2,2,2,1,2
73,2,3,1,2,1,1,4
73,3,1,1,2,2,4,6
73,3,2,2,1,1,2,5
73,3,3,2,1,2,3,1
73,4,1,1,2,1,2,4
73,4,2,2,1,1,4,3
73,4,3,2,2,1,4,3
74,1,1,1,1,1,3,5
74,1,2,1,1,1,4,1
74,1,3,2,2,2,2,3
74,2,1,2,2,2,3,6
74,2,2,2,2,1,4,1
74,2,3,2,2,2,1,4
74,3,1,1,1,2,2,6
74,3,2,2,2,2,3,5
74,3,3,1,2,2,4,2
74,4,1,2,1,1,3,4
74,4,2,1,2,1,2,3
74,4,3,1,1,1,2,2
75,1,1,1,2,1,4,5
75,1,2,1,1,2,2,1
75,1,3,1,2,1,3,6
75,2,1,1,1,1,3,3
75,2,2,2,2,2,1,2
75,2,3,1,2,1,1,1
75,3,1,2,1,2,3,6
75,3,2,2,2,2,2,4
75,3,3,1,1,2,2,5
75,4,1,2,2,2,4,4
75,4,2,2,1,1,2,2
75,4,3,2,2,1,4,3
76,1,1,1,2,1,3,4
76,1,2,1,2,2,3,1
76,1,3,1,2,1,1,6
76,2,1,1,1,2,2,1
76,2,2,2,2,1,2,2
76,2,3,2,1,2,2,3
76,3,1,2,1,2,3,5
76,3,2,2,2,2,1,6
76,3,3,1,2,1,4,3
76,4,1,2,1,1,4,4
76,4,2,1,1,2,4,2
76,4,3,2,2,1,2,5
77,1,1,1,1,1,4,3
77,1,2,1,1,1,4,4
77,1,3,2,1,2,4,1
77,2,1,2,2,1,1,5
77,2,2,1,2,1,3,1
77,2,3,1,2,2,4,6
77,3,1,2,2,2,2,5
77,3,2,1,2,1,3,2
77,3,3,2,2,2,2,2
77,4,1,2,1,2,3,3
77,4,2,2,2,1,1,4
77,4,3,1,1,2,2,6
78,1,1,2,2,2,3,3
78,1,2,1,2,1,2,6
78,1,3,2,1,2,2,2
78,2,1,1,1,1,4,5
78,2,2,2,1,2,3,3
78,2,3,2,2,2,2,1
78,3,1,1,2,1,3,5
78,3,2,1,2,1,3,2
78,3,3,2,2,2,1,4
78,4,1,1,2,1,1,1
78,4,2,1,1,2,4,6
78,4,3,2,1,1,4,4
79,1,1,2,2,2,3,2
79,1,2,1,2,1,4,2
79,1,3,2,1,1,2,6
79,2,1,1,2,1,1,5
79,2,2,1,1,2,4,1
79,2,3,1,2,1,3,5
79,3,1,2,1,2,3,4
79,3,2,2,2,2,2,3
79,3,3,1,2,2,1,1
79,4,1,2,2,1,4,6
79,4,2,2,1,1,2,4
79,4,3,1,1,2,4,3
80,1,1,1,1,1,4,5
80,1,2,1,1,1,2,1
80,1,3,2,2,1,1,4
80,2,1,2,2,2,3,3
80,2,2,2,2,1,3,3
80,2,3,1,1,2,4,6
80,3,1,1,2,1,4,2
80,3,2,2,1,2,4,1
80,3,3,1,2,1,3,4
80,4,1,2,1,2,2,2
80,4,2,1,2,2,1,6
80,4,3,2,2,2,2,5
81,1,1,2,2,2,3,2
81,1,2,2,1,1,3,4
81,1,3,1,2,1,1,3
81,2,1,2,2,1,4,2
81,2,2,2,1,2,2,3
81,2,3,1,2,1,2,4
81,3,1,1,2,2,3,5
81,3,2,1,2,1,4,5
81,3,3,1,1,1,2,6
81,4,1,1,1,2,4,1
81,4,2,2,2,2,2,1
81,4,3,2,1,2,4,6
82,1,1,1,1,2,4,5
82,1,2,1,2,2,1,3
82,1,3,2,2,1,3,5
82,2,1,2,2,1,4,2
82,2,2,1,2,2,4,4
82,2,3,2,2,1,1,4
82,3,1,2,1,2,2,2
82,3,2,1,2,1,2,3
82,3,3,1,1,1,2,6
82,4,1,1,2,2,3,1
82,4,2,2,1,2,3,1
82,4,3,2,1,1,4,6
83,1,1,1,2,2,3,6
83,1,2,2,2,1,3,1
83,1,3,2,1,1,2,1
83,2,1,2,2,2,1,4
83,2,2,1,1,2,4,5
83,2,3,1,1,2,4,4
83,3,1,2,2,1,1,2
83,3,2,1,2,2,2,3
83,3,3,1,2,2,2,5
83,4,1,2,1,1,4,6
83,4,2,1,1,1,3,2
83,4,3,2,2,1,3,3
84,1,1,2,2,1,3,6
84,1,2,1,1,2,2,3
84,1,3,1,2,1,1,2
84,2,1,2,1,2,4,6
84,2,2,1,1,1,2,4
84,2,3,1,1,1,3,1
84,3,1,2,2,2,1,2
84,3,2,2,2,2,3,1
84,3,3,2,1,1,4,3
84,4,1,1,2,2,2,5
84,4,2,2,2,2,3,5
84,4,3,1,2,1,4,4
85,1,1,1,2,1,3,5
85,1,2,1,2,1,1,4
85,1,3,2,2,2,2,2
85,2,1,1,1,1,4,4
85,2,2,1,1,2,3,5
85,2,3,2,1,1,3,6
85,3,1,2,2,2,3,3
85,3,2,2,2,2,2,1
85,3,3,2,2,1,1,6
85,4,1,1,1,1,4,1
85,4,2,2,1,2,4,3
85,4,3,1,2,2,2,2
86,1,1,1,1,1,3,4
86,1,2,2,1,2,2,5
86,1,3,2,1,2,2,2
86,2,1,2,2,2,3,3
86,2,2,1,2,1,4,1
86,2,3,1,1,1,4,3
86,3,1,2,2,1,3,2
86,3,2,1,2,2,1,1
86,3,3,2,2,1,1,6
86,4,1,2,2,2,3,4
86,4,2,1,2,2,2,6
86,4,3,1,1,1,4,5
87,1,1,2,2,2,1,3
87,1,2,1,2,2,2,6
87,1,3,1,1,1,2,4
87,2,1,1,1,1,4,2
87,2,2,1,1,1,3,5
87,2,3,2,1,2,3,4
87,3,1,2,2,1,2,5
87,3,2,2,2,2,3,1
87,3,3,2,2,2,4,6
87,4,1,1,2,1,4,2
87,4,2,2,2,2,1,1
87,4,3,1,1,1,3,3
88,1,1,2,2,1,4,3
88,1,2,1,1,1,2,4
88,1,3,1,2,2,1,1
88,2,1,2,2,2,2,5
88,2,2,2,1,2,2,6
88,2,3,2,2,2,1,5
88,3,1,2,1,2,4,6
88,3,2,1,2,1,3,3
88,3,3,1,1,1,4,2
88,4,1,2,2,1,2,2
88,4,2,1,1,1,3,4
88,4,3,1,2,2,3,1
89,1,1,2,1,2,3,5
89,1,2,1,2,1,2,2
89,1,3,2,1,1,3,6
89,2,1,1,1,1,3,6
89,2,2,2,2,2,1,3
89,2,3,2,2,2,1,5
89,3,1,2,2,2,2,3
89,3,2,1,2,1,4,4
89,3,3,2,1,2,4,4
89,4,1,1,1,2,4,2
89,4,2,1,2,1,3,1
89,4,3,1,2,1,2,1
90,1,1,2,1,1,3,4
90,1,2,2,1,1,4,3
90,1,3,2,2,1,3,1
90,2,1,1,2,1,2,4
90,2,2,2,1,2,3,5
90,2,3,1,1,1,3,1
90,3,1,1,1,2,4,2
90,3,2,1,2,2,2,6
90,3,3,1,2,2,1,6
90,4,1,2,2,1,1,2
90,4,2,2,2,2,2,3
90,4,3,1,2,2,4,5
91,1,1,2,1,1,2,1
91,1,2,2,1,2,4,6
91,1,3,1,1,2,2,3
91,2,1,1,2,1,4,4
91,2,2,2,1,1,3,2
91,2,3,1,2,2,2,4
91,3,1,1,2,1,2,1
91,3,2,1,2,2,3,3
91,3,3,2,2,2,1,2
91,4,1,1,1,1,4,6
91,4,2,2,2,1,1,5
91,4,3,2,2,2,3,5
92,1,1,2,2,1,3,3
92,1,2,1,2,1,2,3
92,1,3,2,1,1,3,5
92,2,1,2,2,1,1,4
92,2,2,1,1,2,3,4
92,2,3,2,2,1,2,1
92,3,1,1,1,2,3,1
92,3,2,1,1,1,2,6
92,3,3,1,2,2,4,5
92,4,1,2,1,2,4,2
92,4,2,1,2,2,4,6
92,4,3,2,2,2,2,2
93,1,1,1,1,2,3,3
93,1,2,2,2,1,2,4
93,1,3,2,2,2,3,6
93,2,1,1,1,2,3,2
93,2,2,1,1,1,2,3
93,2,3,2,2,1,1,1
93,3,1,2,2,1,4,5
93,3,2,1,2,2,4,1
93,3,3,2,1,1,4,6
93,4,1,1,1,2,2,2
93,4,2,1,2,1,1,5
93,4,3,2,2,2,4,4
94,1,1,1,1,1,2,1
94,1,2,2,1,2,3,2
94,1,3,2,2,2,4,6
94,2,1,1,2,1,1,3
94,2,2,1,1,2,3,1
94,2,3,2,1,1,2,3
94,3,1,1,2,2,2,4
94,3,2,2,2,1,1,5
94,3,3,1,2,1,3,5
94,4,1,2,2,2,4,6
94,4,2,1,2,2,4,2
94,4,3,2,1,1,2,4
95,1,1,1,2,1,2,1
95,1,2,2,2,1,3,5
95,1,3,2,1,1,4,6
95,2,1,2,1,1,4,2
95,2,2,1,2,2,3,4
95,2,3,1,2,2,1,2
95,3,1,1,2,2,2,3
95,3,2,2,2,1,2,5
95,3,3,2,1,2,3,4
95,4,1,2,2,2,4,1
95,4,2,1,1,1,4,3
95,4,3,1,1,2,3,6
96,1,1,1,2,1,2,3
96,1,2,1,2,1,1,5
96,1,3,2,2,2,3,6
96,2,1,2,2,1,4,2
96,2,2,2,1,2,2,3
96,2,3,1,1,2,4,1
96,3,1,2,2,2,2,4
96,3,2,1,2,1,3,5
96,3,3,1,1,1,4,6
96,4,1,2,2,2,3,1
96,4,2,2,1,1,3,4
96,4,3,1,1,2,2,2
97,1,1,2,1,2,4,2
97,1,2,1,1,1,4,3
97,1,3,2,1,1,2,3
97,2,1,2,1,2,4,5
97,2,2,1,2,2,3,4
97,2,3,2,2,2,1,5
97,3,1,1,2,1,4,6
97,3,2,1,2,1,3,2
97,3,3,2,1,1,3,1
97,4,1,2,2,2,1,4
97,4,2,1,2,2,2,1
97,4,3,1,2,1,2,6
98,1,1,1,2,1,1,1
98,1,2,2,2,1,1,4
98,1,3,1,2,2,2,6
98,2,1,2,2,1,3,1
98,2,2,1,2,1,4,2
98,2,3,2,2,2,3,2
98,3,1,2,1,1,2,5
98,3,2,1,1,2,2,6
98,3,3,2,1,2,3,3
98,4,1,2,1,2,4,5
98,4,2,1,1,2,2,4
98,4,3,1,2,1,4,3
99,1,1,1,2,2,4,1
99,1,2,1,1,2,4,3
99,1,3,2,2,1,2,2
99,2,1,2,2,2,4,3
99,2,2,2,2,2,1,1
99,2,3,2,2,1,3,4
99,3,1,1,1,2,2,5
99,3,2,2,2,1,4,5
99,3,3,1,1,1,2,6
99,4,1,1,2,2,3,4
99,4,2,1,1,1,3,2
99,4,3,2,1,1,3,6
100,1,1,2,1,2,2,5
100,1,2,1,2,1,3,3
100,1,3,2,1,2,2,6
100,2,1,2,2,1,3,4
100,2,2,2,2,2,3,2
100,2,3,1,2,2,2,5
100,3,1,1,2,1,4,1
100,3,2,1,1,1,3,3
100,3,3,1,2,1,2,6
100,4,1,2,1,2,4,2
100,4,2,2,2,2,1,1
100,4,3,1,1,1,4,4
101,1,1,1,1,1,3,1
101,1,2,2,1,1,2,5
101,1,3,1,2,2,2,2
101,2,1,2,1,1,4,6
101,2,2,1,1,1,3,5
101,2,3,2,2,2,2,3
101,3,1,2,2,2,1,3
101,3,2,2,2,2,4,2
101,3,3,1,1,2,3,6
101,4,1,1,1,1,3,1
101,4,2,1,2,2,4,4
101,4,3,2,2,1,2,4
102,1,1,1,2,2,2,3
102,1,2,2,2,1,4,2
102,1,3,2,1,2,3,3
102,2,1,1,2,1,2,4
102,2,2,1,1,2,3,1
102,2,3,1,2,2,1,5
102,3,1,1,2,1,2,2
102,3,2,2,2,2,4,4
102,3,3,2,1,1,3,5
102,4,1,2,2,1,1,6
102,4,2,2,1,1,4,6
102,4,3,1,1,2,2,1
103,1,1,1,2,1,2,5
103,1,2,1,1,1,2,2
103,1,3,1,2,2,4,3
103,2,1,2,1,2,4,1
103,2,2,1,2,1,1,6
103,2,3,2,2,2,1,6
103,3,1,1,2,1,2,4
103,3,2,2,1,2,3,2
103,3,3,1,2,1,4,3
103,4,1,2,2,2,3,4
103,4,2,2,1,2,3,5
103,4,3,2,1,1,3,1
104,1,1,2,1,2,2,2
104,1,2,1,2,1,1,4
104,1,3,2,1,1,3,3
104,2,1,1,2,1,3,1
104,2,2,1,2,2,3,1
104,2,3,2,2,1,1,4
104,3,1,2,1,2,4,5
104,3,2,2,2,2,3,6
104,3,3,2,1,2,4,6
104,4,1,1,2,2,2,2
104,4,2,1,2,1,2,5
104,4,3,1,1,1,4,3
105,1,1,2,1,1,3,6
105,1,2,1,1,2,3,4
105,1,3,1,2,1,4,3
105,2,1,1,2,2,3,2
105,2,2,1,1,1,4,6
105,2,3,2,1,2,4,4
105,3,1,2,1,2,2,5
105,3,2,2,2,1,2,2
105,3,3,2,1,1,2,1
105,4,1,1,2,2,4,1
105,4,2,1,2,2,1,3
105,4,3,2,2,1,2,5
106,1,1,2,2,1,2,1
106,1,2,1,2,2,4,6
106,1,3,2,2,1,2,4
106,2,1,1,1,1,2,5
106,2,2,2,1,2,3,4
106,2,3,2,2,2,3,1
106,3,1,2,1,2,4,5
106,3,2,1,1,2,2,2
106,3,3,1,2,2,1,6
106,4,1,1,1,1,4,3
106,4,2,1,2,1,3,2
106,4,3,2,2,1,1,3
107,1,1,2,1,2,4,6
107,1,2,1,1,1,3,6
107,1,3,1,2,2,3,3
107,2,1,1,2,1,4,2
107,2,2,1,1,1,2,1
107,2,3,2,2,1,2,4
107,3,1,2,2,2,1,5
107,3,2,1,1,2,2,3
107,3,3,2,2,2,3,1
107,4,1,2,2,1,4,2
107,4,2,2,2,2,1,5
107,4,3,1,1,1,3,4
108,1,1,2,2,1,4,3
108,1,2,2,2,1,2,3
108,1,3,1,2,2,1,4
108,2,1,1,1,1,4,6
108,2,2,2,1,2,3,5
108,2,3,1,2,2,2,1
108,3,1,2,1,1,4,1
108,3,2,1,2,1,1,6
108,3,3,2,1,2,3,4
108,4,1,1,1,2,3,5
108,4,2,1,2,1,2,2
108,4,3,2,2,2,3,2
109,1,1,1,2,2,2,5
109,1,2,1,2,1,4,3
109,1,3,2,2,1,1,5
109,2,1,2,1,2,4,4
109,2,2,2,2,1,2,2
109,2,3,1,1,2,3,6
109,3,1,1,1,1,2,6
109,3,2,1,2,2,4,3
109,3,3,2,2,2,1,2
109,4,1,2,1,1,3,1
109,4,2,1,2,2,3,4
109,4,3,1,2,1,3,5
110,1,1,1,2,2,1,6
110,1,2,2,2,1,3,4
110,1,3,1,1,1,2,5
110,2,1,2,1,1,3,5
110,2,2,2,2,2,3,2
110,2,3,2,2,2,2,2
110,3,1,2,2,1,2,3
110,3,2,1,1,2,2,6
110,3,3,1,1,2,4,4
110,4,1,2,2,2,4,3
110,4,2,1,2,1,3,1
110,4,3,1,1,1,4,1
111,1,1,1,2,1,3,2
111,1,2,2,2,2,2,5
111,1,3,2,1,1,4,6
111,2,1,2,2,2,2,1
111,2,2,2,1,2,4,2
111,2,3,1,1,2,4,3
111,3,1,1,1,1,3,3
111,3,2,2,2,1,3,1
111,3,3,1,2,2,1,6
111,4,1,1,2,1,2,4
111,4,2,1,2,2,1,4
111,4,3,2,1,1,3,5
112,1,1,2,2,1,1,1
112,1,2,2,2,2,3,1
112,1,3,2,1,2,4,3
112,2,1,2,1,1,3,5
112,2,2,1,2,1,1,3
112,2,3,2,2,2,4,2
112,3,1,1,1,2,2,4
112,3,2,2,2,2,2,4
112,3,3,1,2,2,3,5
112,4,1,1,1,1,2,6
112,4,2,1,1,1,3,6
112,4,3,1,2,1,4,2
113,1,1,1,1,2,2,5
113,1,2,1,2,1,3,6
113,1,3,2,2,2,4,3
113,2,1,1,1,1,4,3
113,2,2,1,2,1,1,2
113,2,3,1,2,1,3,1
113,3,1,2,1,1,4,2
113,3,2,1,2,1,4,4
113,3,3,2,1,2,2,5
113,4,1,2,1,2,2,1
113,4,2,2,2,2,3,4
113,4,3,2,2,2,1,6
114,1,1,2,2,1,3,2
114,1,2,1,1,2,2,5
114,1,3,2,1,1,3,4
114,2,1,1,2,2,3,1
114,2,2,2,1,1,3,5
114,2,3,2,1,1,2,4
114,3,1,1,2,2,4,2
114,3,2,1,2,2,2,3
114,3,3,2,2,2,1,6
114,4,1,2,2,1,1,6
114,4,2,1,2,2,4,3
114,4,3,1,1,1,4,1
115,1,1,2,1,1,3,4
115,1,2,1,2,2,1,5
115,1,3,2,2,2,4,6
115,2,1,2,2,1,3,6
115,2,2,2,1,2,3,2
115,2,3,1,2,1,2,4
115,3,1,2,1,1,2,3
115,3,2,1,1,1,4,5
115,3,3,1,1,1,3,1
115,4,1,1,2,2,1,3
115,4,2,1,2,2,4,1
115,4,3,2,2,2,2,2
116,1,1,2,2,1,4,4
116,1,2,2,2,2,3,5
116,1,3,1,1,1,3,6
116,2,1,1,1,2,2,3
116,2,2,2,1,1,4,1
116,2,3,1,2,2,2,2
116,3,1,1,2,1,1,1
116,3,2,2,2,2,2,6
116,3,3,1,2,1,1,3
116,4,1,1,2,2,2,2
116,4,2,2,1,2,3,4
116,4,3,2,1,1,4,5
117,1,1,2,2,1,4,6
117,1,2,2,2,1,4,1
117,1,3,2,2,2,1,5
117,2,1,1,2,2,1,3
117,2,2,2,2,1,4,5
117,2,3,1,1,2,2,2
117,3,1,1,1,1,2,1
117,3,2,2,2,1,3,4
117,3,3,2,1,1,2,4
117,4,1,1,1,2,3,2
117,4,2,1,2,2,3,6
117,4,3,1,1,2,3,3
118,1,1,2,2,2,1,6
118,1,2,1,2,2,3,4
118,1,3,1,2,1,4,6
118,2,1,1,1,2,2,1
118,2,2,1,1,1,2,5
118,2,3,2,1,2,3,3
118,3,1,2,2,2,4,3
118,3,2,2,2,1,4,2
118,3,3,1,1,1,4,2
118,4,1,2,2,1,2,1
118,4,2,1,2,1,1,4
118,4,3,2,1,2,3,5
119,1,1,1,1,2,3,5
119,1,2,2,2,1,1,3
119,1,3,2,2,1,3,6
119,2,1,2,2,1,1,1
119,2,2,1,1,1,2,4
119,2,3,1,2,2,4,3
119,3,1,2,2,2,4,2
119,3,2,1,1,2,2,6
119,3,3,1,2,1,4,2
119,4,1,2,2,2,3,4
119,4,2,2,1,1,2,5
119,4,3,1,1,2,4,1
120,1,1,2,1,1,2,1
120,1,2,2,2,1,1,2
120,1,3,1,1,2,3,3
120,2,1,1,2,2,4,6
120,2,2,1,2,1,4,4
120,2,3,2,2,2,2,5
120,3,1,2,2,2,2,6
120,3,2,1,1,1,4,1
120,3,3,2,2,1,1,5
120,4,1,2,2,1,3,2
120,4,2,1,1,2,4,4
120,4,3,1,1,2,3,3
121,1,1,1,1,1,2,3
121,1,2,2,1,2,4,2
121,1,3,1,2,2,2,3
121,2,1,1,1,2,3,4
121,2,2,1,1,2,4,5
121,2,3,2,2,2,3,1
121,3,1,2,2,1,2,5
121,3,2,2,2,1,1,2
121,3,3,1,2,1,1,6
121,4,1,1,1,1,3,4
121,4,2,2,2,2,4,1
121,4,3,2,2,1,2,6
122,1,1,1,2,1,4,5
122,1,2,1,1,1,2,3
122,1,3,2,2,1,3,5
122,2,1,2,2,2,1,1
122,2,2,1,2,2,1,2
122,2,3,1,1,1,3,4
122,3,1,1,1,2,3,3
122,3,2,2,2,2,2,2
122,3,3,2,1,1,2,6
122,4,1,2,2,2,2,4
122,4,2,1,2,1,4,1
122,4,3,2,1,2,4,6
123,1,1,2,1,2,4,5
123,1,2,2,2,1,1,3
123,1,3,2,1,1,3,2
123,2,1,2,2,1,4,6
123,2,2,1,1,1,2,1
123,2,3,1,2,2,3,5
123,3,1,1,2,2,2,1
123,3,2,1,1,1,3,4
123,3,3,1,2,2,4,6
123,4,1,2,1,2,4,2
123,4,2,1,2,2,2,4
123,4,3,2,2,1,3,3
124,1,1,2,1,1,3,3
124,1,2,1,2,2,4,6
124,1,3,2,1,2,2,5
124,2,1,1,1,2,4,4
124,2,2,2,2,1,1,2
124,2,3,2,1,2,4,4
124,3,1,2,2,1,3,3
124,3,2,1,1,1,2,5
124,3,3,1,2,1,4,6
124,4,1,1,2,1,2,1
124,4,2,1,2,2,2,1
124,4,3,2,1,2,3,2
125,1,1,2,1,2,4,5
125,1,2,1,2,1,3,1
125,1,3,1,2,1,3,3
125,2,1,1,2,1,4,2
125,2,2,1,2,1,1,3
125,2,3,2,1,1,3,4
125,3,1,2,1,2,2,6
125,3,2,1,2,2,4,5
125,3,3,2,1,2,2,2
125,4,1,1,1,2,2,6
125,4,2,2,2,2,1,1
125,4,3,2,2,1,2,4
126,1,1,1,2,1,2,2
126,1,2,2,2,2,3,5
126,1,3,1,2,1,1,2
126,2,1,2,1,2,3,6
126,2,2,2,1,2,2,3
126,2,3,1,2,1,3,4
126,3,1,1,2,2,1,5
126,3,2,2,2,1,2,1
126,3,3,2,1,2,4,3
126,4,1,1,1,1,4,4
126,4,2,2,2,2,4,1
126,4,3,1,1,1,3,6
127,1,1,1,1,2,4,6
127,1,2,2,2,2,2,2
127,1,3,1,2,1,1,2
127,2,1,2,2,1,3,4
127,2,2,2,1,1,4,5
127,2,3,1,1,1,4,1
127,3,1,1,1,2,2,6
127,3,2,2,2,2,3,3
127,3,3,2,1,1,3,5
127,4,1,1,2,2,2,4
127,4,2,2,2,1,4,1
127,4,3,1,2,2,1,3
128,1,1,2,1,1,4,3
128,1,2,1,2,2,4,3
128,1,3,2,2,1,2,4
128,2,1,1,2,2,2,6
128,2,2,1,1,1,4,1
128,2,3,2,2,1,3,1
128,3,1,1,1,2,4,5
128,3,2,2,2,1,2,2
128,3,3,2,1,2,3,5
128,4,1,1,1,2,3,2
128,4,2,2,2,2,1,6
128,4,3,1,2,1,2,4
129,1,1,2,2,2,1,5
129,1,2,2,1,1,3,3
129,1,3,1,1,1,3,2
129,2,1,1,2,2,4,6
129,2,2,2,2,2,1,4
129,2,3,1,1,2,2,3
129,3,1,1,1,1,4,1
129,3,2,1,2,1,2,1
129,3,3,2,1,1,2,4
129,4,1,1,2,2,3,5
129,4,2,2,2,1,3,2
129,4,3,2,2,2,4,6
130,1,1,1,2,2,2,5
130,1,2,2,1,1,4,4
130,1,3,2,2,1,4,3
130,2,1,1,1,2,3,6
130,2,2,1,2,2,2,3
130,2,3,1,2,2,1,2
130,3,1,2,1,2,3,4
130,3,2,1,1,1,2,6
130,3,3,1,2,1,1,2
130,4,1,2,2,1,4,5
130,4,2,2,1,2,3,1
130,4,3,2,2,1,2,1
131,1,1,2,2,1,4,2
131,1,2,2,2,1,3,4
131,1,3,2,2,2,1,6
131,2,1,1,2,1,2,5
131,2,2,1,2,1,3,6
131,2,3,1,1,2,4,5
131,3,1,1,1,2,2,3
131,3,2,1,2,1,1,3
131,3,3,2,1,2,3,4
131,4,1,2,1,2,3,2
131,4,2,1,2,1,2,1
131,4,3,2,1,2,4,1
132,1,1,2,2,1,4,1
132,1,2,1,2,2,3,3
132,1,3,2,2,1,2,2
132,2,1,2,2,1,2,3
132,2,2,2,1,2,4,5
132,2,3,1,1,2,4,6
132,3,1,2,1,2,2,4
132,3,2,1,1,1,3,6
132,3,3,1,2,2,1,1
132,4,1,2,1,2,3,2
132,4,2,1,2,1,2,4
132,4,3,1,2,1,3,5
133,1,1,2,1,1,4,3
133,1,2,1,1,2,4,1
133,1,3,1,2,2,2,4
133,2,1,1,2,2,3,5
133,2,2,1,2,2,3,6
133,2,3,2,2,2,4,3
133,3,1,2,2,1,1,5
133,3,2,1,1,1,4,6
133,3,3,2,2,1,2,4
133,4,1,2,2,1,3,2
133,4,2,1,1,2,2,1
133,4,3,2,1,1,3,2
134,1,1,1,2,2,2,5
134,1,2,1,1,2,3,2
134,1,3,2,1,1,2,2
134,2,1,1,1,2,2,1
134,2,2,1,2,1,3,5
134,2,3,2,1,2,3,3
134,3,1,2,2,1,1,4
134,3,2,1,2,1,3,4
134,3,3,1,1,1,4,1
134,4,1,2,2,2,2,3
134,4,2,2,1,2,4,6
134,4,3,2,2,1,4,6
135,1,1,2,1,1,2,5
135,1,2,2,2,1,2,6
135,1,3,1,2,2,4,1
135,2,1,1,2,1,3,4
135,2,2,1,2,2,4,4
135,2,3,2,1,2,3,2
135,3,1,1,2,1,3,2
135,3,2,2,2,1,1,1
135,3,3,1,1,2,2,6
135,4,1,2,1,1,4,3
135,4,2,2,2,2,3,3
135,4,3,1,1,2,4,5
136,1,1,2,1,2,2,6
136,1,2,2,2,2,3,6
136,1,3,1,2,1,2,4
136,2,1,1,1,1,3,1
136,2,2,1,1,2,2,5
136,2,3,2,2,2,4,3
136,3,1,2,2,1,4,2
136,3,2,2,2,2,1,2
136,3,3,1,1,1,3,4
136,4,1,2,1,2,4,5
136,4,2,1,2,1,1,3
136,4,3,1,2,1,2,1
137,1,1,2,2,2,4,3
137,1,2,2,2,2,3,5
137,1,3,2,1,2,4,6
137,2,1,1,2,2,2,6
137,2,2,1,2,1,3,1
137,2,3,2,2,1,4,3
137,3,1,1,2,1,2,4
137,3,2,1,1,2,2,2
137,3,3,1,1,1,4,4
137,4,1,2,1,1,3,1
137,4,2,2,1,2,2,2
137,4,3,1,2,1,1,5
138,1,1,2,1,2,4,2
138,1,2,1,2,2,2,5
138,1,3,1,1,2,3,1
138,2,1,1,2,1,3,1
138,2,2,2,2,1,1,3
138,2,3,1,1,2,3,6
138,3,1,1,1,1,2,5
138,3,2,2,2,1,4,6
138,3,3,1,2,1,1,3
138,4,1,2,1,2,4,4
138,4,2,2,2,1,3,4
138,4,3,2,2,2,2,2
139,1,1,2,2,1,4,4
139,1,2,1,2,2,3,4
139,1,3,1,1,2,3,1
139,2,1,1,1,1,3,2
139,2,2,1,1,2,2,1
139,2,3,1,2,2,3,6
139,3,1,2,2,2,2,6
139,3,2,2,1,2,4,3
139,3,3,1,1,1,4,2
139,4,1,2,2,1,1,3
139,4,2,2,1,1,2,5
139,4,3,2,2,1,2,5
140,1,1,2,2,1,2,3
140,1,2,1,2,2,1,5
140,1,3,2,1,1,2,4
140,2,1,2,2,1,3,6
140,2,2,1,1,1,3,2
140,2,3,1,2,2,1,1
140,3,1,2,1,2,3,4
140,3,2,1,1,1,2,2
140,3,3,2,1,2,4,1
140,4,1,1,2,1,3,3
140,4,2,2,2,2,4,6
140,4,3,1,2,2,4,5
141,1,1,1,1,1,3,5
141,1,2,1,1,1,2,4
141,1,3,2,1,1,4,2
141,2,1,1,2,1,2,3
141,2,2,2,2,2,4,6
141,2,3,2,1,2,4,6
141,3,1,1,2,2,3,3
141,3,2,1,2,2,4,5
141,3,3,1,2,2,1,1
141,4,1,2,2,1,2,1
141,4,2,2,1,1,3,4
141,4,3,2,2,2,2,2
142,1,1,1,2,2,3,1
142,1,2,1,1,1,4,5
142,1,3,1,2,1,2,6
142,2,1,1,2,2,1,2
142,2,2,2,2,1,4,3
142,2,3,2,1,1,4,4
142,3,1,2,2,2,1,3
142,3,2,1,1,2,2,5
142,3,3,2,2,2,2,6
142,4,1,2,2,1,4,1
142,4,2,1,1,1,3,4
142,4,3,2,1,2,3,2
143,1,1,2,1,2,4,5
143,1,2,1,2,2,4,2
143,1,3,1,1,1,2,3
143,2,1,2,1,1,2,2
143,2,2,2,2,1,3,4
143,2,3,1,2,2,1,6
143,3,1,1,2,1,3,1
143,3,2,1,2,1,2,3
143,3,3,2,1,1,4,4
143,4,1,1,1,2,4,1
143,4,2,2,2,2,1,5
143,4,3,2,2,2,3,6
144,1,1,2,1,1,4,4
144,1,2,2,1,2,2,6
144,1,3,1,1,1,3,1
144,2,1,2,2,1,3,6
144,2,2,2,1,2,3,3
144,2,3,1,2,1,4,5
144,3,1,2,2,2,2,5
144,3,2,1,2,2,4,4
144,3,3,1,2,1,1,1
144,4,1,1,1,2,3,2
144,4,2,2,1,1,2,2
144,4,3,1,2,2,4,3
145,1,1,2,2,2,3,2
145,1,2,1,1,2,3,4
145,1,3,2,2,2,4,1
145,2,1,1,1,1,3,5
145,2,2,1,1,1,2,1
145,2,3,1,1,2,2,5
145,3,1,1,2,1,1,4
145,3,2,2,2,1,2,3
145,3,3,1,2,1,4,2
145,4,1,2,1,1,3,6
145,4,2,2,2,2,2,3
145,4,3,2,1,2,4,6
146,1,1,1,2,1,1,6
146,1,2,2,2,1,2,3
146,1,3,1,2,2,4,4
146,2,1,2,1,1,4,1
146,2,2,2,1,2,2,3
146,2,3,2,1,1,3,2
146,3,1,1,2,2,2,4
146,3,2,2,1,2,3,6
146,3,3,1,2,1,4,1
146,4,1,1,1,2,3,5
146,4,2,1,2,2,1,2
146,4,3,2,2,1,3,5
147,1,1,1,2,2,2,1
147,1,2,1,1,1,4,3
147,1,3,2,2,2,4,4
147,2,1,1,2,2,3,2
147,2,2,2,2,1,3,3
147,2,3,1,1,2,3,5
147,3,1,1,1,1,4,6
147,3,2,2,1,1,2,2
147,3,3,2,2,1,4,4
147,4,1,1,2,1,1,5
147,4,2,2,2,2,1,1
147,4,3,2,1,2,2,6
148,1,1,2,2,2,1,3
148,1,2,1,1,1,2,1
148,1,3,2,2,2,4,4
148,2,1,1,2,2,3,5
148,2,2,1,1,1,2,2
148,2,3,2,2,1,3,6
148,3,1,1,1,1,4,3
148,3,2,1,1,2,4,6
148,3,3,2,2,2,1,2
148,4,1,2,2,2,2,1
148,4,2,1,1,1,3,5
148,4,3,2,2,1,2,4
149,1,1,2,2,2,2,4
149,1,2,1,2,1,4,3
149,1,3,2,2,2,3,5
149,2,1,1,1,1,4,1
149,2,2,1,1,1,2,3
149,2,3,1,1,2,4,1
149,3,1,2,2,2,3,4
149,3,2,2,2,2,2,2
149,3,3,1,1,2,3,2
149,4,1,2,2,1,2,6
149,4,2,2,1,1,4,5
149,4,3,1,2,1,1,6
150,1,1,1,2,1,1,6
150,1,2,2,1,1,3,1
150,1,3,2,2,2,4,1
150,2,1,2,2,2,4,6
150,2,2,1,2,1,3,2
150,2,3,2,2,2,2,5
150,3,1,1,2,2,1,2
150,3,2,1,2,2,2,3
150,3,3,1,1,1,4,4
150,4,1,2,1,2,2,4
150,4,2,1,1,1,3,5
150,4,3,2,1,1,4,3
151,1,1,2,2,1,1,1
151,1,2,1,2,1,2,1
151,1,3,1,1,2,2,2
151,2,1,1,2,2,3,6
151,2,2,2,1,1,4,3
151,2,3,2,1,2,3,2
151,3,1,2,2,1,4,3
151,3,2,1,1,1,2,5
151,3,3,1,2,2,1,4
151,4,1,1,2,1,4,5
151,4,2,2,2,2,3,6
151,4,3,2,1,2,3,4
152,1,1,2,2,1,1,6
152,1,2,1,2,1,4,2
152,1,3,1,2,1,1,2
152,2,1,2,1,2,3,5
152,2,2,2,2,2,2,6
152,2,3,1,1,1,4,3
152,3,1,2,1,2,2,1
152,3,2,2,1,2,4,3
152,3,3,1,2,1,4,4
152,4,1,1,2,2,3,1
152,4,2,1,2,1,3,5
152,4,3,2,1,2,2,4
153,1,1,2,1,2,4,6
153,1,2,1,1,1,3,5
153,1,3,2,2,2,2,4
153,2,1,2,2,1,1,5
153,2,2,1,1,2,3,3
153,2,3,1,2,1,2,6
153,3,1,1,2,1,3,4
153,3,2,1,1,1,4,3
153,3,3,2,2,2,2,2
153,4,1,2,2,1,4,1
153,4,2,1,1,2,3,2
153,4,3,2,1,2,4,1
154,1,1,2,1,1,4,5
154,1,2,1,2,2,2,5
154,1,3,1,2,2,2,3
154,2,1,2,1,1,3,3
154,2,2,2,1,2,2,4
154,2,3,2,2,2,1,6
154,3,1,1,2,1,4,1
154,3,2,2,2,1,4,2
154,3,3,1,1,1,3,4
154,4,1,2,1,2,2,6
154,4,2,1,2,2,3,1
154,4,3,1,2,1,1,2
155,1,1,1,2,2,1,5
155,1,2,1,2,1,2,6
155,1,3,2,2,1,4,6
155,2,1,1,2,1,1,4
155,2,2,1,1,2,2,1
155,2,3,2,2,1,3,5
155,3,1,2,1,1,3,2
155,3,2,1,1,2,4,2
155,3,3,1,2,2,3,1
155,4,1,2,1,1,2,4
155,4,2,2,1,2,2,3
155,4,3,2,2,2,4,3
156,1,1,1,1,1,4,5
156,1,2,2,1,1,4,4
156,1,3,1,2,2,2,6
156,2,1,1,2,2,2,2
156,2,2,2,1,1,4,5
156,2,3,2,2,2,1,1
156,3,1,2,2,2,3,3
156,3,2,2,1,2,3,6
156,3,3,2,2,1,1,4
156,4,1,1,1,1,2,3
156,4,2,1,2,1,3,1
156,4,3,1,2,2,4,2
157,1,1,1,2,2,3,3
157,1,2,2,2,1,3,2
157,1,3,2,1,1,2,3
157,2,1,2,2,2,1,1
157,2,2,1,1,1,2,6
157,2,3,2,1,2,4,4
157,3,1,2,2,2,4,1
157,3,2,1,1,2,4,4
157,3,3,1,2,1,2,5
157,4,1,2,1,2,3,2
157,4,2,1,2,1,2,6
157,4,3,1,2,1,1,5
158,1,1,2,2,1,1,4
158,1,2,1,2,2,3,1
158,1,3,1,1,2,4,2
158,2,1,2,1,2,4,3
158,2,2,2,2,1,3,4
158,2,3,1,1,1,2,2
158,3,1,1,1,2,3,5
158,3,2,2,2,2,2,6
158,3,3,2,2,1,2,6
158,4,1,1,2,1,1,5
158,4,2,2,1,2,4,3
158,4,3,1,2,1,2,1
159,1,1,1,2,1,2,2
159,1,2,1,1,1,3,6
159,1,3,2,2,2,4,5
159,2,1,2,2,1,3,5
159,2,2,2,1,1,4,4
159,2,3,2,2,2,3,3
159,3,1,1,1,2,2,2
159,3,2,1,2,2,1,3
159,3,3,2,2,1,2,6
159,4,1,1,1,2,4,4
159,4,2,2,1,2,2,1
159,4,3,1,2,1,4,1
160,1,1,1,2,2,1,1
160,1,2,2,1,2,2,3
160,1,3,1,2,2,3,6
160,2,1,2,2,1,4,3
160,2,2,2,1,1,4,5
160,2,3,2,1,2,4,4
160,3,1,1,2,1,1,6
160,3,2,1,2,1,2,2
160,3,3,2,1,1,2,4
160,4,1,2,2,2,4,2
160,4,2,1,1,2,3,5
160,4,3,1,2,1,3,1
161,1,1,2,2,2,1,2
161,1,2,2,1,1,2,2
161,1,3,2,2,2,4,5
161,2,1,1,1,2,2,6
161,2,2,2,2,2,4,3
161,2,3,2,2,1,3,5
161,3,1,1,1,1,2,4
161,3,2,1,1,2,4,1
161,3,3,1,2,1,3,3
161,4,1,1,2,1,1,1
161,4,2,2,2,1,4,6
161,4,3,1,1,2,3,4
162,1,1,2,1,1,4,2
162,1,2,2,2,2,4,2
162,1,3,2,2,1,2,6
162,2,1,1,1,2,2,4
162,2,2,1,2,2,1,4
162,2,3,1,2,1,3,3
162,3,1,1,2,2,2,1
162,3,2,1,2,1,3,3
162,3,3,2,1,2,2,5
162,4,1,2,2,1,1,1
162,4,2,1,1,2,4,6
162,4,3,2,1,1,3,5
163,1,1,1,1,1,3,1
163,1,2,1,1,1,4,4
163,1,3,2,2,2,4,5
163,2,1,1,1,2,4,6
163,2,2,1,1,1,2,2
163,2,3,2,1,2,3,1
163,3,1,1,2,1,4,6
163,3,2,2,1,2,2,4
163,3,3,2,2,2,1,5
163,4,1,1,2,1,2,2
163,4,2,2,2,1,3,3
163,4,3,2,2,2,3,3
164,1,1,1,1,2,2,6
164,1,2,2,2,2,2,1
164,1,3,1,2,2,4,3
164,2,1,2,2,1,4,4
164,2,2,2,1,1,3,2
164,2,3,2,2,2,1,4
164,3,1,1,1,1,3,2
164,3,2,1,2,1,3,1
164,3,3,1,2,1,1,3
164,4,1,1,2,2,4,6
164,4,2,2,1,2,2,5
164,4,3,2,1,1,3,5
165,1,1,2,2,1,4,6
165,1,2,2,1,1,2,4
165,1,3,1,2,1,4,6
165,2,1,1,2,2,4,1
165,2,2,1,2,2,1,4
165,2,3,1,1,2,2,5
165,3,1,2,1,2,3,2
165,3,2,2,2,1,1,5
165,3,3,1,2,1,4,1
165,4,1,2,1,2,3,2
165,4,2,1,2,2,2,3
165,4,3,2,1,1,3,3
166,1,1,1,1,1,4,6
166,1,2,2,2,2,2,4
166,1,3,2,1,1,4,1
166,2,1,2,2,1,1,2
166,2,2,2,2,1,3,5
166,2,3,1,1,2,2,2
166,3,1,2,2,2,4,3
166,3,2,1,1,2,2,3
166,3,3,2,2,1,3,4
166,4,1,1,1,1,3,6
166,4,2,1,1,2,4,5
166,4,3,1,2,2,2,1
167,1,1,2,1,1,3,3
167,1,2,2,2,2,4,6
167,1,3,2,1,2,2,2
167,2,1,1,2,2,1,1
167,2,2,2,1,1,2,5
167,2,3,1,1,2,3,1
167,3,1,2,1,1,3,4
167,3,2,1,2,1,4,2
167,3,3,1,2,1,4,3
167,4,1,1,2,2,2,5
167,4,2,1,2,2,1,6
167,4,3,2,2,1,4,4
168,1,1,1,2,2,2,2
168,1,2,2,2,1,1,5
168,1,3,1,1,1,2,2
168,2,1,2,2,2,1,3
168,2,2,1,2,1,4,5
168,2,3,2,1,1,4,6
168,3,1,2,1,1,4,6
168,3,2,1,2,2,3,1
168,3,3,2,1,2,4,3
168,4,1,1,2,2,3,4
168,4,2,2,2,1,2,1
168,4,3,1,1,2,3,4
169,1,1,1,1,1,3,1
169,1,2,1,2,1,4,6
169,1,3,2,1,1,3,6
169,2,1,2,2,2,3,4
169,2,2,2,1,1,4,2
169,2,3,2,2,1,2,1
169,3,1,1,2,2,4,4
169,3,2,1,1,1,3,3
169,3,3,1,2,2,2,5
169,4,1,2,2,2,2,5
169,4,2,2,2,2,1,2
169,4,3,1,1,2,2,3
170,1,1,2,2,1,4,5
170,1,2,2,2,2,1,1
170,1,3,2,2,1,4,4
170,2,1,1,2,2,1,1
170,2,2,1,1,2,3,2
170,2,3,1,2,1,2,5
170,3,1,1,2,2,4,6
170,3,2,1,2,2,3,4
170,3,3,1,1,1,3,3
170,4,1,2,1,1,2,3
170,4,2,2,1,1,2,6
170,4,3,2,1,2,2,2
171,1,1,1,1,2,3,2
171,1,2,1,1,1,2,4
171,1,3,1,2,1,1,3
171,2,1,2,1,2,2,6
171,2,2,2,1,2,4,5
171,2,3,2,2,1,4,4
171,3,1,2,1,1,2,3
171,3,2,2,2,2,3,5
171,3,3,1,2,1,3,2
171,4,1,1,2,1,4,6
171,4,2,2,2,2,1,1
171,4,3,1,2,2,2,1
172,1,1,2,2,2,4,2
172,1,2,1,2,2,4,3
172,1,3,1,2,1,1,4
172,2,1,2,2,2,3,5
172,2,2,2,1,2,2,4
172,2,3,2,2,2,3,2
172,3,1,1,1,2,4,1
172,3,2,2,1,1,3,3
172,3,3,2,1,1,2,5
172,4,1,1,1,1,2,6
172,4,2,1,2,1,2,1
172,4,3,1,2,1,1,6
173,1,1,1,1,1,4,1
173,1,2,2,2,2,3,4
173,1,3,1,2,1,4,3
173,2,1,2,2,1,3,6
173,2,2,1,1,1,2,5
173,2,3,1,2,2,2,4
173,3,1,2,1,2,4,1
173,3,2,2,1,2,2,3
173,3,3,1,2,2,1,5
173,4,1,1,1,2,3,2
173,4,2,2,2,1,4,6
173,4,3,2,2,1,1,2
174,1,1,2,2,2,2,1
174,1,2,2,2,1,4,5
174,1,3,1,2,2,2,6
174,2,1,2,1,1,3,6
174,2,2,1,2,1,1,5
174,2,3,2,2,1,1,4
174,3,1,1,1,2,4,2
174,3,2,1,1,2,3,3
174,3,3,1,1,2,2,4
174,4,1,2,1,1,4,1
174,4,2,2,2,1,4,2
174,4,3,1,2,2,3,3
175,1,1,2,2,1,1,6
175,1,2,1,2,2,2,5
175,1,3,2,2,1,4,1
175,2,1,2,1,2,4,5
175,2,2,2,2,1,3,6
175,2,3,1,1,1,3,1
175,3,1,1,1,1,3,2
175,3,2,2,1,2,2,4
175,3,3,1,2,2,4,4
175,4,1,1,1,2,4,3
175,4,2,1,2,1,2,2
175,4,3,2,2,2,3,3
176,1,1,2,2,1,1,6
176,1,2,2,1,1,3,3
176,1,3,2,2,1,3,5
176,2,1,1,2,1,4,4
176,2,2,2,2,2,3,4
176,2,3,1,1,1,2,1
176,3,1,1,2,1,4,2
176,3,2,2,2,2,2,6
176,3,3,1,2,2,1,2
176,4,1,1,1,2,3,3
176,4,2,1,1,2,4,5
176,4,3,2,1,2,2,1
177,1,1,2,2,2,1,2
177,1,2,1,2,1,4,4
177,1,3,2,2,2,3,6
177,2,1,1,2,2,1,2
177,2,2,2,2,1,3,5
177,2,3,1,1,1,3,1
177,3,1,1,1,2,3,3
177,3,2,1,1,1,2,3
177,3,3,1,1,2,4,6
177,4,1,2,2,1,2,4
177,4,2,2,1,2,4,5
177,4,3,2,2,1,2,1
178,1,1,1,2,1,4,1
178,1,2,2,1,2,3,5
178,1,3,1,2,2,2,6
178,2,1,2,1,1,4,6
178,2,2,1,2,1,2,3
178,2,3,1,2,1,1,3
178,3,1,1,2,1,4,2
178,3,2,2,1,1,2,2
178,3,3,2,1,2,3,4
178,4,1,2,1,2,3,1
178,4,2,1,1,2,3,4
178,4,3,2,2,2,4,5
179,1,1,1,2,1,3,1
179,1,2,1,2,2,1,5
179,1,3,2,1,1,3,3
179,2,1,2,2,2,2,5
179,2,2,2,2,2,2,6
179,2,3,1,1,2,4,2
179,3,1,1,2,2,4,4
179,3,2,1,2,1,1,4
179,3,3,2,1,1,4,3
179,4,1,2,2,1,3,2
179,4,2,1,1,1,2,1
179,4,3,2,1,2,2,6
180,1,1,1,2,2,4,4
180,1,2,1,2,1,1,1
180,1,3,2,1,2,4,3
180,2,1,2,1,1,2,6
180,2,2,2,1,2,4,5
180,2,3,2,2,1,3,1
180,3,1,2,2,2,4,4
180,3,2,1,2,1,1,2
180,3,3,1,2,2,3,2
180,4,1,2,1,1,3,3
180,4,2,1,2,1,2,5
180,4,3,1,1,2,2,6
181,1,1,2,1,2,3,6
181,1,2,1,1,1,2,3
181,1,3,1,1,1,3,6
181,2,1,1,2,1,2,2
181,2,2,2,2,1,2,1
181,2,3,2,2,2,4,4
181,3,1,1,1,1,2,5
181,3,2,2,2,2,1,3
181,3,3,2,2,2,4,4
181,4,1,1,2,2,3,1
181,4,2,1,1,2,4,5
181,4,3,2,2,1,1,2
182,1,1,1,1,2,3,4
182,1,2,2,2,2,3,3
182,1,3,1,1,2,2,5
182,2,1,2,1,1,2,6
182,2,2,2,1,1,2,1
182,2,3,2,1,1,4,3
182,3,1,2,2,2,1,6
182,3,2,1,2,1,2,2
182,3,3,1,2,1,3,5
182,4,1,1,2,2,1,4
182,4,2,2,2,2,4,2
182,4,3,1,2,1,4,1
183,1,1,2,2,1,4,6
183,1,2,1,1,2,3,5
183,1,3,2,2,2,1,4
183,2,1,2,2,2,4,2
183,2,2,1,2,1,2,5
183,2,3,1,2,2,3,6
183,3,1,2,1,1,3,1
183,3,2,1,2,1,2,2
183,3,3,2,1,2,4,3
183,4,1,2,1,2,3,3
183,4,2,1,1,1,4,1
183,4,3,1,1,1,2,4
184,1,1,2,2,2,3,5
184,1,2,1,2,2,1,5
184,1,3,2,1,1,3,4
184,2,1,2,2,2,2,3
184,2,2,1,2,2,2,2
184,2,3,2,2,1,2,6
184,3,1,2,1,1,4,6
184,3,2,1,1,2,4,1
184,3,3,1,2,1,1,4
184,4,1,2,2,1,4,2
184,4,2,1,1,1,3,1
184,4,3,1,1,2,2,3
185,1,1,1,2,2,2,6
185,1,2,1,2,1,1,4
185,1,3,2,1,1,3,5
185,2,1,2,1,2,4,2
185,2,2,2,2,1,4,6
185,2,3,2,1,1,4,1
185,3,1,1,2,2,3,3
185,3,2,2,2,2,4,4
185,3,3,1,2,1,3,2
185,4,1,1,2,2,1,3
185,4,2,2,1,1,2,1
185,4,3,1,1,2,2,5
186,1,1,1,2,1,3,5
186,1,2,1,2,2,2,1
186,1,3,1,1,2,4,4
186,2,1,2,2,1,1,6
186,2,2,1,2,1,4,3
186,2,3,1,1,2,3,1
186,3,1,2,2,1,4,5
186,3,2,2,2,1,2,6
186,3,3,2,1,1,2,2
186,4,1,1,1,2,3,3
186,4,2,2,1,2,4,2
186,4,3,2,2,2,2,4
187,1,1,1,2,1,1,4
187,1,2,1,1,2,3,2
187,1,3,2,2,2,4,5
187,2,1,1,1,1,4,6
187,2,2,1,2,1,2,4
187,2,3,2,2,2,2,5
187,3,1,2,1,1,2,1
187,3,2,1,2,2,3,2
187,3,3,1,1,1,2,3
187,4,1,2,1,2,3,3
187,4,2,2,2,2,4,1
187,4,3,2,1,1,4,6
188,1,1,1,2,1,2,4
188,1,2,1,2,1,1,2
188,1,3,2,2,1,1,1
188,2,1,1,1,2,4,6
188,2,2,2,1,2,2,2
188,2,3,2,1,2,3,5
188,3,1,2,2,2,2,3
188,3,2,1,1,1,3,3
188,3,3,2,2,1,2,1
188,4,1,1,1,1,4,5
188,4,2,2,2,2,3,4
188,4,3,1,2,2,4,6
189,1,1,2,2,1,2,1
189,1,2,1,1,1,3,2
189,1,3,1,2,2,1,1
189,2,1,2,2,1,3,3
189,2,2,2,1,1,4,4
189,2,3,1,1,1,4,3
189,3,1,1,1,2,3,2
189,3,2,1,2,1,2,4
189,3,3,2,2,2,1,6
189,4,1,2,2,2,2,6
189,4,2,1,2,2,3,5
189,4,3,2,1,2,4,5
190,1,1,1,1,1,2,1
190,1,2,1,2,2,4,2
190,1,3,2,2,1,1,3
190,2,1,2,2,2,2,4
190,2,2,1,2,2,4,1
190,2,3,2,2,2,3,3
190,3,1,1,1,1,2,5
190,3,2,2,1,2,3,6
190,3,3,2,1,2,4,2
190,4,1,2,2,1,1,5
190,4,2,1,2,1,3,6
190,4,3,1,1,1,3,4
191,1,1,2,2,1,4,1
191,1,2,1,1,2,2,3
191,1,3,1,1,1,3,1
191,2,1,2,1,1,3,6
191,2,2,2,2,1,1,4
191,2,3,2,1,2,2,4
191,3,1,1,2,1,4,6
191,3,2,2,2,2,4,2
191,3,3,1,2,2,3,2
191,4,1,1,2,2,2,5
191,4,2,1,2,1,1,5
191,4,3,2,1,2,3,3
192,1,1,2,1,1,3,5
192,1,2,2,2,2,3,2
192,1,3,2,2,2,4,3
192,2,1,1,1,2,2,2
192,2,2,2,2,2,4,6
192,2,3,1,2,1,4,6
192,3,1,1,1,1,2,3
192,3,2,1,2,1,1,4
192,3,3,2,2,1,3,1
192,4,1,2,1,2,2,5
192,4,2,1,2,1,1,4
192,4,3,1,1,2,4,1
193,1,1,2,2,1,4,3
193,1,2,2,1,1,2,4
193,1,3,2,1,1,4,5
193,2,1,2,1,2,2,1
193,2,2,1,1,2,2,5
193,2,3,1,2,2,2,2
193,3,1,1,2,2,3,3
193,3,2,2,1,1,3,6
193,3,3,2,2,2,4,4
193,4,1,1,2,1,3,2
193,4,2,1,1,2,3,6
193,4,3,1,2,1,1,1
194,1,1,1,2,1,1,5
194,1,2,2,2,1,4,6
194,1,3,2,1,2,4,4
194,2,1,1,2,1,1,6
194,2,2,2,1,1,2,3
194,2,3,2,2,2,2,4
194,3,1,1,2,1,3,1
194,3,2,2,2,2,2,2
194,3,3,1,1,2,4,3
194,4,1,1,1,2,4,5
194,4,2,1,2,1,3,2
194,4,3,2,1,2,3,1
195,1,1,2,2,1,4,5
195,1,2,1,2,2,4,6
195,1,3,1,2,2,1,4
195,2,1,2,2,1,1,5
195,2,2,2,1,2,4,1
195,2,3,1,1,1,2,3
195,3,1,2,1,2,3,1
195,3,2,2,2,2,3,6
195,3,3,1,1,1,3,2
195,4,1,2,2,1,2,3
195,4,2,1,2,1,3,2
195,4,3,1,1,2,2,4
196,1,1,1,2,2,4,3
196,1,2,2,2,1,2,6
196,1,3,1,2,1,1,1
196,2,1,1,1,1,2,4
196,2,2,1,2,2,3,5
196,2,3,2,1,1,4,2
196,3,1,1,2,2,3,3
196,3,2,2,2,2,1,6
196,3,3,2,1,2,4,5
196,4,1,2,1,2,3,1
196,4,2,1,1,1,2,4
196,4,3,2,2,1,4,2
197,1,1,1,1,1,2,6
197,1,2,1,1,1,3,3
197,1,3,2,1,2,4,2
197,2,1,2,2,1,3,5
197,2,2,2,1,1,4,3
197,2,3,1,1,2,4,4
197,3,1,1,2,2,1,1
197,3,2,2,2,2,4,1
197,3,3,2,1,2,2,4
197,4,1,2,2,1,2,6
197,4,2,1,2,1,2,2
197,4,3,1,2,2,3,5
198,1,1,1,2,1,2,2
198,1,2,2,2,1,2,5
198,1,3,1,1,2,3,1
198,2,1,2,1,1,3,4
198,2,2,1,1,2,4,5
198,2,3,2,2,1,1,6
198,3,1,1,2,2,1,3
198,3,2,1,2,1,4,3
198,3,3,1,1,1,4,1
198,4,1,2,2,2,3,2
198,4,2,2,1,2,4,6
198,4,3,2,2,2,2,4
199,1,1,2,2,1,3,5
199,1,2,2,2,1,4,4
199,1,3,2,1,1,3,2
199,2,1,1,2,1,3,6
199,2,2,2,1,2,2,5
199,2,3,1,1,1,2,3
199,3,1,2,1,2,3,1
199,3,2,1,2,2,1,3
199,3,3,1,2,2,4,2
199,4,1,1,1,2,2,6
199,4,2,1,1,1,2,1
199,4,3,2,2,2,4,4
200,1,1,1,1,1,3,5
200,1,2,2,1,1,2,1
200,1,3,2,2,1,3,2
200,2,1,1,2,2,3,6
200,2,2,1,1,1,4,3
200,2,3,2,1,2,2,1
200,3,1,1,2,1,1,2
200,3,2,1,2,2,4,4
200,3,3,2,1,1,2,4
200,4,1,1,2,2,3,6
200,4,2,2,2,2,4,5
200,4,3,2,2,2,1,3
201,1,1,1,1,1,4,6
201,1,2,2,2,2,4,4
201,1,3,2,2,2,3,5
201,2,1,2,2,2,1,3
201,2,2,1,2,2,1,1
201,2,3,2,1,1,2,2
201,3,1,1,2,1,2,6
201,3,2,1,2,1,3,4
201,3,3,1,1,2,2,1
201,4,1,2,1,2,3,3
201,4,2,2,1,1,4,2
201,4,3,1,2,1,2,5
202,1,1,1,1,2,3,3
202,1,2,1,2,1,2,4
202,1,3,2,1,1,4,2
202,2,1,1,2,1,4,6
202,2,2,1,2,2,1,5
202,2,3,1,2,1,1,5
202,3,1,2,1,2,2,1
202,3,2,1,1,2,3,1
202,3,3,2,2,1,3,2
202,4,1,2,1,2,2,6
202,4,2,2,2,2,2,4
202,4,3,2,2,1,4,3
203,1,1,1,1,1,3,4
203,1,2,2,1,2,2,3
203,1,3,1,2,1,1,5
203,2,1,1,2,2,1,6
203,2,2,2,1,1,3,2
203,2,3,1,2,1,4,4
203,3,1,2,2,1,4,1
203,3,2,2,1,1,3,3
203,3,3,2,1,2,2,6
203,4,1,1,2,2,3,1
203,4,2,1,2,2,2,5
203,4,3,2,2,2,4,2
204,1,1,2,2,2,1,4
204,1,2,2,2,2,3,1
204,1,3,2,1,1,2,3
204,2,1,1,2,2,3,3
204,2,2,1,1,1,2,2
204,2,3,1,2,1,4,6
204,3,1,2,2,1,4,1
204,3,2,1,1,1,3,5
204,3,3,1,1,2,3,4
204,4,1,1,1,2,4,2
204,4,2,2,2,2,2,5
204,4,3,2,2,1,1,6
205,1,1,1,1,1,2,4
205,1,2,2,2,2,4,5
205,1,3,2,2,1,1,1
205,2,1,1,2,2,1,3
205,2,2,2,1,2,4,2
205,2,3,1,1,1,3,1
205,3,1,1,1,2,4,3
205,3,2,2,2,2,2,4
205,3,3,1,2,1,4,5
205,4,1,2,2,2,2,2
205,4,2,1,2,1,3,6
205,4,3,2,1,1,3,6
206,1,1,2,2,1,1,3
206,1,2,2,2,1,3,4
206,1,3,2,2,2,4,5
206,2,1,1,1,1,2,2
206,2,2,1,1,2,2,2
206,2,3,2,2,1,1,4
206,3,1,2,2,2,4,6
206,3,2,1,1,2,4,6
206,3,3,1,1,2,3,3
206,4,1,1,1,2,2,1
206,4,2,1,2,1,3,5
206,4,3,2,2,1,2,1
207,1,1,2,2,2,2,1
207,1,2,1,1,1,3,3
207,1,3,1,1,1,3,5
207,2,1,2,2,2,4,2
207,2,2,2,1,1,2,1
207,2,3,2,1,2,2,5
207,3,1,1,1,1,4,3
207,3,2,2,2,1,1,6
207,3,3,1,1,2,4,4
207,4,1,1,2,2,2,4
207,4,2,1,2,2,3,6
207,4,3,2,2,1,4,2
208,1,1,1,2,2,2,4
208,1,2,1,2,2,4,5
208,1,3,1,1,2,3,2
208,2,1,2,1,2,2,1
208,2,2,1,1,1,4,4
208,2,3,2,2,1,1,3
208,3,1,2,1,1,2,6
208,3,2,1,2,1,3,3
208,3,3,1,2,1,1,1
208,4,1,2,2,2,4,5
208,4,2,2,1,2,2,6
208,4,3,2,2,1,3,2
209,1,1,2,1,1,2,6
209,1,2,2,1,2,2,4
209,1,3,1,2,1,4,1
209,2,1,1,2,2,3,2
209,2,2,1,2,1,1,2
209,2,3,1,2,2,1,3
209,3,1,1,2,2,3,5
209,3,2,2,2,1,4,6
209,3,3,2,2,1,2,4
209,4,1,2,1,2,4,1
209,4,2,2,1,1,3,5
209,4,3,1,1,2,4,3
210,1,1,1,2,2,4,4
210,1,2,2,1,2,2,1
210,1,3,1,2,2,3,2
210,2,1,1,2,1,3,6
210,2,2,1,1,1,2,3
210,2,3,2,1,1,3,6
210,3,1,2,2,1,1,5
210,3,2,1,1,1,4,5
210,3,3,2,2,2,1,1
210,4,1,2,1,2,2,3
210,4,2,2,2,1,3,4
210,4,3,1,2,2,4,2
211,1,1,1,1,2,3,3
211,1,2,2,1,1,3,6
211,1,3,2,1,2,4,1
211,2,1,2,2,1,2,3
211,2,2,2,2,2,4,5
211,2,3,1,2,1,4,1
211,3,1,1,2,1,1,4
211,3,2,1,2,2,3,2
211,3,3,2,2,2,1,2
211,4,1,1,1,1,2,5
211,4,2,2,2,2,2,4
211,4,3,1,1,1,3,6
212,1,1,1,2,1,4,5
212,1,2,1,2,2,3,6
212,1,3,2,1,1,3,3
212,2,1,1,1,1,2,3
212,2,2,1,2,2,1,4
212,2,3,2,1,1,2,2
212,3,1,2,1,2,4,1
212,3,2,1,2,1,2,6
212,3,3,1,2,2,1,4
212,4,1,2,2,2,3,5
212,4,2,2,2,2,2,2
212,4,3,2,1,1,4,1
213,1,1,1,1,2,2,5
213,1,2,1,1,1,4,3
213,1,3,2,1,2,3,6
213,2,1,2,2,1,1,2
213,2,2,2,2,2,2,3
213,2,3,1,2,1,3,1
213,3,1,2,2,1,3,2
213,3,2,1,2,1,2,1
213,3,3,2,2,2,2,4
213,4,1,2,2,2,1,5
213,4,2,1,1,2,4,4
213,4,3,1,1,1,4,6
214,1,1,2,2,1,3,4
214,1,2,1,2,2,4,6
214,1,3,1,2,1,1,1
214,2,1,2,1,1,4,2
214,2,2,1,2,1,2,1
214,2,3,2,2,2,1,3
214,3,1,1,2,1,3,2
214,3,2,2,1,1,4,6
214,3,3,2,1,2,2,3
214,4,1,1,1,2,3,5
214,4,2,2,2,2,4,5
214,4,3,1,1,2,2,4
215,1,1,1,2,2,1,2
215,1,2,1,1,1,2,1
215,1,3,2,1,1,2,6
215,2,1,2,1,1,2,5
215,2,2,2,1,2,2,6
215,2,3,2,2,1,3,5
215,3,1,1,2,2,4,2
215,3,2,1,2,1,3,4
215,3,3,1,1,2,4,1
215,4,1,2,1,1,3,3
215,4,2,1,2,2,4,3
215,4,3,2,2,2,3,4
216,1,1,2,2,2,3,4
216,1,2,1,1,1,3,6
216,1,3,2,2,2,4,2
216,2,1,2,2,1,1,2
216,2,2,1,1,2,4,5
216,2,3,1,2,2,3,4
216,3,1,2,2,1,2,5
216,3,2,1,2,1,1,1
216,3,3,1,1,2,2,1
216,4,1,2,1,1,2,6
216,4,2,2,1,1,4,3
216,4,3,1,2,2,4,3
217,1,1,2,1,1,2,4
217,1,2,2,1,2,3,6
217,1,3,2,2,1,2,6
217,2,1,1,1,1,3,1
217,2,2,1,1,2,2,3
217,2,3,1,2,1,4,5
217,3,1,2,2,2,3,2
217,3,2,2,2,2,4,5
217,3,3,1,2,1,1,1
217,4,1,1,1,2,4,4
217,4,2,1,2,2,1,2
217,4,3,2,2,1,3,3
218,1,1,1,1,2,3,2
218,1,2,2,2,1,1,4
218,1,3,1,1,2,4,3
218,2,1,1,1,2,3,2
218,2,2,2,2,1,3,4
218,2,3,2,2,1,1,3
218,3,1,1,2,1,3,6
218,3,2,2,2,2,2,1
218,3,3,2,1,1,4,5
218,4,1,1,2,1,2,6
218,4,2,2,1,2,2,1
218,4,3,1,2,2,4,5
219,1,1,1,1,1,3,2
219,1,2,2,1,2,4,3
219,1,3,2,2,2,1,1
219,2,1,1,2,1,2,2
219,2,2,1,2,2,2,5
219,2,3,1,2,2,4,6
219,3,1,2,1,1,4,3
219,3,2,1,1,1,2,1
219,3,3,2,2,1,3,4
219,4,1,2,2,1,2,5
219,4,2,1,1,2,3,6
219,4,3,2,1,2,3,4
220,1,1,1,1,2,4,1
220,1,2,1,1,2,2,4
220,1,3,1,2,1,3,4
220,2,1,2,1,1,4,5
220,2,2,2,2,1,3,1
220,2,3,2,2,1,3,3
220,3,1,1,2,1,4,6
220,3,2,2,1,2,2,3
220,3,3,2,2,2,1,2
220,4,1,2,2,1,1,2
220,4,2,1,1,2,3,6
220,4,3,1,2,2,2,5
221,1,1,1,2,1,4,6
221,1,2,1,2,2,3,4
221,1,3,2,2,2,2,3
221,2,1,1,2,2,3,3
221,2,2,2,1,1,2,5
221,2,3,1,2,2,4,1
221,3,1,2,2,2,1,6
221,3,2,1,2,1,2,1
221,3,3,1,1,2,3,4
221,4,1,2,1,1,3,2
221,4,2,2,1,1,2,5
221,4,3,2,1,1,4,2
222,1,1,1,1,2,4,4
222,1,2,1,1,2,4,2
222,1,3,2,2,2,1,3
222,2,1,2,2,1,3,2
222,2,2,1,2,1,1,6
222,2,3,2,1,1,3,1
222,3,1,1,1,2,4,5
222,3,2,1,2,2,4,4
222,3,3,2,2,1,2,5
222,4,1,2,2,1,2,6
222,4,2,2,1,2,3,1
222,4,3,1,2,1,2,3
223,1,1,1,1,1,4,6
223,1,2,1,1,2,2,3
223,1,3,2,1,2,3,2
223,2,1,2,2,2,3,1
223,2,2,1,2,1,2,5
223,2,3,2,2,2,1,4
223,3,1,1,2,2,4,3
223,3,2,1,2,1,3,6
223,3,3,2,2,1,1,4
223,4,1,2,1,1,4,2
223,4,2,1,2,1,3,5
223,4,3,2,1,2,2,1
224,1,1,2,2,2,4,3
224,1,2,1,1,1,3,4
224,1,3,2,2,1,4,4
224,2,1,1,2,2,2,3
224,2,2,1,2,2,1,5
224,2,3,1,1,2,4,6
224,3,1,1,1,1,2,1
224,3,2,1,1,2,2,2
224,3,3,2,2,2,2,1
224,4,1,2,1,1,4,5
224,4,2,2,2,1,3,2
224,4,3,2,1,1,3,6
225,1,1,2,2,2,3,3
225,1,2,1,1,1,3,2
225,1,3,1,2,2,4,5
225,2,1,1,2,2,2,5
225,2,2,1,2,1,1,6
225,2,3,2,1,1,3,4
225,3,1,2,1,2,4,6
225,3,2,2,2,1,1,2
225,3,3,1,2,2,2,4
225,4,1,1,2,2,3,1
225,4,2,2,1,1,2,3
225,4,3,2,1,1,4,1
226,1,1,1,1,1,3,4
226,1,2,2,1,1,3,4
226,1,3,1,2,1,4,5
226,2,1,1,2,2,1,1
226,2,2,1,2,2,2,6
226,2,3,2,2,1,2,1
226,3,1,2,2,1,3,6
226,3,2,2,2,2,4,2
226,3,3,1,2,1,2,5
226,4,1,2,1,2,2,3
226,4,2,1,1,2,4,3
226,4,3,2,1,2,4,2
227,1,1,2,2,1,4,3
227,1,2,1,2,1,4,1
227,1,3,2,2,2,2,3
227,2,1,2,2,2,1,5
227,2,2,1,1,2,4,4
227,2,3,2,1,2,3,5
227,3,1,1,2,2,1,2
227,3,2,2,2,1,3,1
227,3,3,1,2,1,3,6
227,4,1,1,1,2,3,6
227,4,2,1,1,1,2,4
227,4,3,2,1,1,2,2
228,1,1,1,2,2,3,6
228,1,2,2,2,2,2,5
228,1,3,2,1,2,4,6
228,2,1,2,1,2,3,1
228,2,2,2,2,1,4,3
228,2,3,2,1,2,2,5
228,3,1,2,2,1,4,3
228,3,2,1,2,2,1,4
228,3,3,1,2,1,3,2
228,4,1,1,2,1,1,1
228,4,2,1,1,1,2,2
228,4,3,1,1,1,4,4
229,1,1,2,1,2,4,2
229,1,2,1,2,1,2,5
229,1,3,2,2,1,3,2
229,2,1,2,2,2,1,3
229,2,2,2,2,2,1,6
229,2,3,1,2,1,4,6
229,3,1,1,2,1,2,3
229,3,2,1,1,2,3,1
229,3,3,1,1,2,3,5
229,4,1,1,1,2,2,4
229,4,2,2,2,1,3,1
229,4,3,2,1,1,4,4
230,1,1,1,1,2,4,6
230,1,2,1,1,2,3,1
230,1,3,1,1,1,4,1
230,2,1,2,1,2,2,4
230,2,2,2,1,1,4,2
230,2,3,1,2,2,3,5
230,3,1,2,2,1,1,3
230,3,2,1,2,1,1,3
230,3,3,1,2,1,2,5
230,4,1,2,2,2,2,2
230,4,2,2,2,2,3,6
230,4,3,2,2,1,2,4
231,1,1,2,1,1,3,4
231,1,2,1,1,2,2,5
231,1,3,1,2,1,3,6
231,2,1,1,1,2,2,1
231,2,2,1,1,1,4,3
231,2,3,2,2,2,1,2
231,3,1,2,1,2,2,5
231,3,2,2,2,1,1,2
231,3,3,2,2,2,2,6
231,4,1,1,2,2,4,1
231,4,2,1,2,1,3,3
231,4,3,2,2,1,4,4
232,1,1,1,1,1,2,5
232,1,2,2,1,1,3,4
232,1,3,2,2,1,2,4
232,2,1,1,2,2,2,6
232,2,2,1,1,2,4,3
232,2,3,1,2,2,3,5
232,3,1,2,2,2,1,1
232,3,2,2,1,1,3,1
232,3,3,1,2,2,4,2
232,4,1,2,2,1,3,6
232,4,2,1,1,2,4,2
232,4,3,2,1,1,2,3
233,1,1,1,2,2,2,2
233,1,2,1,2,2,1,6
233,1,3,1,1,2,3,2
233,2,1,2,2,1,4,3
233,2,2,2,1,1,3,1
233,2,3,2,1,1,4,1
233,3,1,1,2,2,4,5
233,3,2,1,2,1,3,3
233,3,3,2,1,1,2,6
233,4,1,1,2,2,1,4
233,4,2,2,2,2,2,5
233,4,3,2,1,1,4,4
234,1,1,2,1,2,2,1
234,1,2,2,2,1,2,3
234,1,3,2,1,2,4,6
234,2,1,1,1,1,3,3
234,2,2,2,1,2,2,6
234,2,3,1,1,2,3,5
234,3,1,2,2,2,1,2
234,3,2,1,2,1,4,5
234,3,3,1,2,2,1,2
234,4,1,1,2,1,4,4
234,4,2,2,2,1,3,4
234,4,3,1,2,1,2,1
235,1,1,1,1,2,2,4
235,1,2,2,2,1,1,3
235,1,3,2,2,2,4,2
235,2,1,1,1,1,3,4
235,2,2,2,1,1,4,5
235,2,3,1,2,2,2,3
235,3,1,1,1,1,3,6
235,3,2,1,1,1,4,6
235,3,3,2,2,2,3,1
235,4,1,2,2,1,2,2
235,4,2,1,2,2,4,5
235,4,3,2,1,2,3,1
236,1,1,1,1,1,2,5
236,1,2,1,2,2,1,6
236,1,3,1,1,2,2,2
236,2,1,2,2,1,1,3
236,2,2,2,2,2,2,1
236,2,3,2,1,1,3,6
236,3,1,1,2,1,4,5
236,3,2,1,2,1,3,4
236,3,3,2,1,1,3,2
236,4,1,2,2,2,4,4
236,4,2,1,1,2,3,3
236,4,3,2,2,2,4,1
237,1,1,1,2,2,2,6
237,1,2,1,2,1,2,3
237,1,3,2,1,1,4,5
237,2,1,1,1,2,4,1
237,2,2,2,1,2,2,2
237,2,3,1,1,2,3,4
237,3,1,2,2,2,2,3
237,3,2,2,2,1,1,1
237,3,3,1,1,1,3,2
237,4,1,2,2,1,3,4
237,4,2,1,2,1,1,5
237,4,3,2,2,2,4,6
238,1,1,2,1,1,4,4
238,1,2,2,2,2,2,6
238,1,3,2,2,2,4,5
238,2,1,2,1,1,4,5
238,2,2,1,2,1,2,1
238,2,3,1,1,1,2,6
238,3,1,1,2,2,1,3
238,3,2,1,1,1,2,2
238,3,3,2,1,1,3,2
238,4,1,2,2,2,3,4
238,4,2,1,2,2,1,1
238,4,3,1,2,2,3,3
239,1,1,2,2,2,2,2
239,1,2,2,1,1,2,3
239,1,3,1,1,2,2,4
239,2,1,2,2,2,1,4
239,2,2,2,2,1,3,6
239,2,3,2,2,2,3,3
239,3,1,2,1,1,3,1
239,3,2,1,2,1,3,6
239,3,3,1,2,2,4,5
239,4,1,1,1,1,4,1
239,4,2,1,1,2,2,2
239,4,3,1,1,1,4,5
240,1,1,1,2,2,4,5
240,1,2,2,1,1,3,1
240,1,3,1,2,1,3,4
240,2,1,2,2,1,1,6
240,2,2,2,2,1,4,5
240,2,3,1,1,1,2,6
240,3,1,1,2,2,2,1
240,3,2,1,1,2,4,3
240,3,3,2,1,1,3,2
240,4,1,1,2,2,1,4
240,4,2,2,2,2,2,3
240,4,3,2,1,2,3,2
241,1,1,1,1,1,4,5
241,1,2,2,2,1,4,1
241,1,3,1,2,1,2,6
241,2,1,1,1,2,3,1
241,2,2,2,2,1,1,6
241,2,3,2,2,2,4,3
241,3,1,2,2,2,1,2
241,3,2,2,1,2,2,5
241,3,3,1,1,2,2,2
241,4,1,1,2,1,3,4
241,4,2,1,1,2,3,3
241,4,3,2,2,1,2,4
242,1,1,2,2,2,3,2
242,1,2,1,1,2,3,6
242,1,3,1,1,1,2,5
242,2,1,2,2,1,3,6
242,2,2,2,1,2,2,3
242,2,3,2,1,1,4,1
242,3,1,2,2,1,1,5
242,3,2,1,1,1,4,2
242,3,3,2,2,2,4,4
242,4,1,1,2,2,2,1
242,4,2,1,2,2,2,4
242,4,3,1,2,1,4,3
243,1,1,1,2,2,1,5
243,1,2,2,2,1,2,2
243,1,3,2,1,1,2,4
243,2,1,2,2,2,2,2
243,2,2,2,1,1,4,6
243,2,3,1,2,1,3,6
243,3,1,2,2,1,1,1
243,3,2,1,2,1,3,3
243,3,3,1,2,2,2,3
243,4,1,1,1,2,3,4
243,4,2,1,1,2,4,5
243,4,3,2,1,2,4,1
244,1,1,2,1,1,4,3
244,1,2,1,1,2,4,4
244,1,3,1,1,2,2,2
244,2,1,2,2,2,2,1
244,2,2,1,2,2,4,6
244,2,3,2,2,1,3,5
244,3,1,1,2,1,1,3
244,3,2,1,1,1,3,2
244,3,3,2,2,2,4,6
244,4,1,2,2,2,3,4
244,4,2,2,2,1,2,5
244,4,3,1,1,1,3,1
245,1,1,1,2,1,3,4
245,1,2,2,1,2,2,3
245,1,3,2,1,2,2,1
245,2,1,2,2,1,4,1
245,2,2,1,2,1,3,6
245,2,3,1,2,2,1,5
245,3,1,2,1,1,4,2
245,3,2,1,2,2,2,5
245,3,3,1,1,1,4,2
245,4,1,1,1,2,2,6
245,4,2,2,2,1,3,3
245,4,3,2,2,2,1,4
246,1,1,2,1,2,2,2
246,1,2,1,1,2,4,5
246,1,3,1,2,1,4,3
246,2,1,2,2,1,4,4
246,2,2,2,1,2,3,2
246,2,3,1,2,2,3,1
246,3,1,2,1,1,3,4
246,3,2,2,1,1,3,6
246,3,3,1,2,2,1,1
246,4,1,2,2,1,4,5
246,4,2,1,1,2,2,6
246,4,3,1,2,1,2,3
247,1,1,2,1,1,4,1
247,1,2,1,1,2,2,3
247,1,3,2,1,2,4,4
247,2,1,2,2,1,4,2
247,2,2,1,2,2,3,2
247,2,3,1,2,1,2,3
247,3,1,2,2,2,1,6
247,3,2,2,1,1,3,5
247,3,3,1,1,1,3,1
247,4,1,2,2,2,4,4
247,4,2,1,2,1,2,5
247,4,3,1,2,2,1,6
248,1,1,2,2,2,3,5
248,1,2,1,2,2,4,2
248,1,3,1,2,1,3,6
248,2,1,2,1,2,4,1
248,2,2,2,1,1,2,4
248,2,3,1,1,1,3,6
248,3,1,1,1,2,4,3
248,3,2,2,1,2,2,4
248,3,3,2,2,1,4,5
248,4,1,1,2,1,1,2
248,4,2,2,2,1,2,3
248,4,3,1,2,2,2,1
249,1,1,2,2,2,3,1
249,1,2,2,1,1,2,2
249,1,3,1,1,1,4,6
249,2,1,1,1,1,4,5
249,2,2,1,1,2,4,4
249,2,3,2,2,2,1,4
249,3,1,2,1,1,3,1
249,3,2,2,2,2,3,3
249,3,3,1,2,1,3,6
249,4,1,1,2,2,2,3
249,4,2,2,2,1,1,5
249,4,3,1,2,2,2,2
250,1,1,2,2,2,2,6
250,1,2,1,2,1,2,5
250,1,3,1,2,1,4,5
250,2,1,1,2,1,3,4
250,2,2,1,1,2,2,3
250,2,3,1,1,1,3,6
250,3,1,2,1,2,3,4
250,3,2,2,2,1,4,1
250,3,3,1,2,2,1,2
250,4,1,2,1,2,3,2
250,4,2,2,1,2,4,3
250,4,3,2,1,1,4,1
251,1,1,1,1,1,4,2
251,1,2,1,2,2,4,1
251,1,3,2,1,1,2,5
251,2,1,1,1,1,2,2
251,2,2,1,2,2,3,6
251,2,3,2,2,2,3,1
251,3,1,1,2,2,2,4
251,3,2,1,2,2,3,4
251,3,3,2,2,1,1,6
251,4,1,2,1,1,4,3
251,4,2,2,1,2,4,5
251,4,3,2,2,1,1,3
252,1,1,1,2,2,1,4
252,1,2,2,1,1,3,6
252,1,3,1,2,2,4,2
252,2,1,1,2,2,3,3
252,2,2,1,1,1,2,4
252,2,3,1,1,1,4,1
252,3,1,2,1,1,4,6
252,3,2,1,1,2,2,5
252,3,3,2,2,1,2,5
252,4,1,2,2,2,1,3
252,4,2,2,2,2,3,1
252,4,3,2,2,1,2,2
253,1,1,2,1,1,4,6
253,1,2,1,2,1,1,2
253,1,3,2,1,1,2,1
253,2,1,1,1,2,4,1
253,2,2,1,1,2,4,5
253,2,3,1,2,2,3,4
253,3,1,2,2,1,3,3
253,3,2,1,1,2,4,3
253,3,3,2,2,2,3,5
253,4,1,1,2,2,3,4
253,4,2,2,1,1,2,6
253,4,3,2,2,1,2,2
254,1,1,1,2,2,1,4
254,1,2,2,2,2,1,5
254,1,3,1,1,2,3,3
254,2,1,2,2,1,2,1
254,2,2,2,1,2,4,2
254,2,3,1,2,1,2,6
254,3,1,1,2,1,4,3
254,3,2,1,2,1,2,6
254,3,3,2,1,2,3,4
254,4,1,1,1,1,2,5
254,4,2,2,1,1,4,2
254,4,3,2,2,2,3,1
255,1,1,2,1,1,2,2
255,1,2,1,1,1,4,5
255,1,3,1,2,2,2,4
255,2,1,1,2,2,4,3
255,2,2,2,1,2,3,6
255,2,3,2,1,2,3,4
255,3,1,1,2,1,4,1
255,3,2,1,2,2,3,3
255,3,3,2,2,2,1,5
255,4,1,2,2,1,2,1
255,4,2,2,2,1,1,6
255,4,3,1,1,1,4,2
256,1,1,1,1,1,4,5
256,1,2,2,1,1,2,3
256,1,3,2,1,2,3,6
256,2,1,1,1,2,3,2
256,2,2,2,2,1,3,5
256,2,3,1,2,2,2,3
256,3,1,1,2,1,4,4
256,3,2,1,2,1,2,2
256,3,3,2,2,2,4,6
256,4,1,2,2,1,1,1
256,4,2,2,1,2,4,4
256,4,3,1,1,2,2,1
257,1,1,2,2,2,1,2
257,1,2,2,2,1,1,3
257,1,3,1,2,2,3,4
257,2,1,1,1,1,2,6
257,2,2,1,2,2,4,5
257,2,3,1,2,2,4,6
257,3,1,2,2,1,3,1
257,3,2,1,1,1,2,1
257,3,3,2,1,2,3,5
257,4,1,1,1,2,4,2
257,4,2,2,1,1,4,4
257,4,3,2,2,1,2,3
258,1,1,1,1,1,3,5
258,1,2,1,2,2,2,6
258,1,3,2,2,1,2,3
258,2,1,2,2,2,4,2
258,2,2,2,2,2,1,5
258,2,3,1,2,1,1,4
258,3,1,1,1,2,3,4
258,3,2,2,2,1,3,1
258,3,3,2,1,1,2,1
258,4,1,1,1,1,3,6
258,4,2,1,2,2,4,2
258,4,3,2,1,2,4,3
259,1,1,2,1,1,2,3
259,1,2,1,2,2,2,4
259,1,3,2,2,2,4,1
259,2,1,1,2,2,2,2
259,2,2,1,1,2,4,3
259,2,3,2,2,1,4,6
259,3,1,1,2,1,1,2
259,3,2,1,1,2,3,5
259,3,3,1,2,1,1,6
259,4,1,2,2,2,2,4
259,4,2,2,1,1,3,1
259,4,3,2,1,1,3,5
260,1,1,2,1,1,3,2
260,1,2,2,2,1,3,1
260,1,3,1,1,1,4,2
260,2,1,2,1,1,2,5
260,2,2,2,2,1,2,3
260,2,3,2,2,2,1,6
260,3,1,1,1,2,3,3
260,3,2,1,2,2,3,4
260,3,3,2,2,2,1,6
260,4,1,1,2,1,4,4
260,4,2,1,2,2,4,5
260,4,3,1,1,2,2,1
